speciesid,commonname,scientificname,sciname2,familyid,size,type,color,behavior,expert_sighting_freq,Family,Schooling,Solitary,ecol.FoodTroph,ecol.FoodSeTroph,Predator,Omnivore,BrowserGrazer,Planktivore,Cleaner,feedingtype,target
1,Blue Angelfish,Holacanthus bermudensis,Holacanthus bermudensis,53,45,length,colorful,conspicuous,26.67,Pomacanthidae,0,0,3.25,0.25,1,0,0,0,0,hunting macrofauna (predator),0
2,Cherubfish,Centropyge argi,Centropyge argi,53,8,length,colorful,cryptic,1.8,Pomacanthidae,0,0,2,0,0,0,1,0,0,browsing on substrate,0
3,French Angelfish,Pomacanthus paru,Pomacanthus paru,53,41.1,length,colorful,conspicuous,45.94,Pomacanthidae,0,0,3.1,0.26,1,0,0,0,0,hunting macrofauna (predator),0
4,Gray Angelfish,Pomacanthus arcuatus,Pomacanthus arcuatus,53,60,length,drab,conspicuous,61.3,Pomacanthidae,0,1,3.1,0.19,1,0,0,0,0,hunting macrofauna (predator),0
5,Queen Angelfish,Holacanthus ciliaris,Holacanthus ciliaris,53,45,length,colorful,conspicuous,52.05,Pomacanthidae,0,1,3.12,0.19,0,1,0,0,0,variable,0
6,Rock Beauty,Holacanthus tricolor,Holacanthus tricolor,53,35,length,colorful,conspicuous,59.73,Pomacanthidae,0,0,3.04,0.18,0,1,0,0,0,variable,0
7,Great Barracuda,Sphyraena barracuda,Sphyraena barracuda,66,200,length,drab,conspicuous,60.77,Sphyraenidae,0,1,4.5,0.8,1,0,0,0,0,hunting macrofauna (predator),1
11,Bigeye,Priacanthus arenatus,Priacanthus arenatus,55,50,length,colorful,cryptic,1.11,Priacanthidae,0,0,3.62,0.53,1,0,0,0,0,hunting macrofauna (predator),0
12,Glasseye Snapper,Heteropriacanthus cruentatus,Heteropriacanthus cruentatus,55,50.7,length,colorful,cryptic,13.23,Priacanthidae,0,0,3.7,0.53,1,0,0,0,0,hunting macrofauna (predator),0
17,Redlip Blenny,Ophioblennius macclurei,Ophioblennius macclurei,10,12.2,length,colorful,conspicuous,15.36,Blenniidae,0,0,3.07,0.35,0,0,1,0,0,browsing on substrate,0
18,Rosy Blenny,Malacoctenus macropus,Malacoctenus macropus,82,5.5,length,colorful,cryptic,9.85,Labrisomidae,0,0,3.408,0.392,1,0,0,0,0,hunting macrofauna (predator),0
19,Saddled Blenny,Malacoctenus triangulatus,Malacoctenus triangulatus,82,7.5,length,colorful,cryptic,35.91,Labrisomidae,0,0,3.5,0.5,1,0,0,0,0,hunting macrofauna (predator),0
20,Sailfin Blenny,Emblemaria pandionis,Emblemaria pandionis,91,6,length,drab,cryptic,8.02,Chaenopsidae,0,0,3.4,0.45,0,0,0,1,0,selective plankton feeding,0
21,Seaweed Blenny,Parablennius marmoreus,Parablennius marmoreus,10,8.5,length,colorful,cryptic,24.72,Blenniidae,0,0,2.46,0.23,0,0,0,1,0,selective plankton feeding,0
24,Bonnetmouth,Emmelichthyops atlanticus,Emmelichthyops atlanticus,34,13,length,drab,conspicuous,1.06,Haemulidae,0,0,3.92,0.63,0,1,0,0,0,variable,0
26,Scrawled Cowfish,Acanthostracion quadricornis,Acanthostracion quadricornis,51,55,length,colorful,conspicuous,16.37,Ostraciidae,0,0,3.77,0.32,1,0,0,0,0,hunting macrofauna (predator),0
27,Smooth Trunkfish,Lactophrys triqueter,Lactophrys triqueter,51,47,length,colorful,conspicuous,42.81,Ostraciidae,0,1,3.5,0.37,1,0,0,0,0,hunting macrofauna (predator),0
28,Spotted Trunkfish,Lactophrys bicaudalis,Lactophrys bicaudalis,51,48,length,colorful,conspicuous,15.8,Ostraciidae,0,0,3.5,0.37,0,1,0,0,0,variable,0
29,Trunkfish,Lactophrys trigonus,Lactophrys trigonus,51,55,length,drab,conspicuous,1.28,Ostraciidae,0,0,3.5,0.37,0,1,0,0,0,variable,0
30,Banded Butterflyfish,Chaetodon striatus,Chaetodon striatus,17,16,length,drab,conspicuous,42.52,Chaetodontidae,0,0,2.77,0.25,1,0,0,0,0,hunting macrofauna (predator),0
31,Foureye Butterflyfish,Chaetodon capistratus,Chaetodon capistratus,17,15,length,colorful,conspicuous,74.42,Chaetodontidae,0,1,3.125135137,0.414658108,1,0,0,0,0,hunting macrofauna (predator),0
33,Reef Butterflyfish,Chaetodon sedentarius,Chaetodon sedentarius,17,15,length,colorful,conspicuous,35.94,Chaetodontidae,0,0,3.5,0.37,0,1,0,0,0,variable,0
34,Spotfin Butterflyfish,Chaetodon ocellatus,Chaetodon ocellatus,17,20,length,colorful,conspicuous,76.29,Chaetodontidae,0,0,3.5,0.37,1,0,0,0,0,hunting macrofauna (predator),0
35,Barred Cardinalfish,Apogon binotatus,Apogon binotatus,4,13,length,colorful,cryptic,5.19,Apogonidae,0,0,3.4,0.45,0,0,0,1,0,selective plankton feeding,0
36,Belted Cardinalfish,Apogon townsendi,Apogon townsendi,4,6.5,length,colorful,cryptic,4.56,Apogonidae,1,1,3.49125,0.49,1,0,0,0,0,hunting macrofauna (predator),0
39,Flamefish,Apogon maculatus,Apogon maculatus,4,11.1,length,colorful,cryptic,10.91,Apogonidae,0,0,3.4,0.45,1,0,0,0,0,hunting macrofauna (predator),0
40,Twospot Cardinalfish,Apogon pseudomaculatus,Apogon pseudomaculatus,4,11,length,colorful,cryptic,4.01,Apogonidae,0,0,3.4,0.45,0,0,0,1,0,selective plankton feeding,0
42,Blue Chromis,Chromis cyanea,Chromis cyanea,54,15,length,colorful,conspicuous,62.91,Pomacentridae,0,0,3.73,0.36,0,0,0,1,0,selective plankton feeding,0
43,Brown Chromis,Chromis multilineata,Chromis multilineata,54,20,length,drab,conspicuous,60.9,Pomacentridae,0,0,3.73,0.36,0,0,0,1,0,selective plankton feeding,0
44,Purple Reeffish,Chromis scotti,Chromis scotti,54,10,length,colorful,conspicuous,39.67,Pomacentridae,0,0,3.4,0.45,0,0,0,1,0,selective plankton feeding,0
45,Sunshinefish,Chromis insolata,Chromis insolata,54,16,length,drab,conspicuous,16.68,Pomacentridae,0,0,3.4,0.45,0,0,0,1,0,selective plankton feeding,0
46,Yellowtail Reeffish,Chromis enchrysura,Chromis enchrysura,54,10,length,colorful,conspicuous,6.77,Pomacentridae,0,0,3.4,0.45,0,0,0,1,0,selective plankton feeding,0
47,Beaugregory,Stegastes leucostictus,Stegastes leucostictus,54,10,length,drab,conspicuous,41.96,Pomacentridae,0,0,2.270952381,0.092380952,0,1,0,0,0,variable,0
48,Bicolor Damselfish,Stegastes partitus,Stegastes partitus,54,10,length,colorful,conspicuous,89.85,Pomacentridae,0,0,2,0,0,0,1,0,0,browsing on substrate,0
50,Dusky Damselfish,Stegastes adustus,Stegastes adustus,54,15,length,drab,conspicuous,33.84,Pomacentridae,0,0,2,0,0,0,1,0,0,grazing on aquatic plants,0
51,Longfin Damselfish,Stegastes diencaeus,Stegastes diencaeus,54,12.5,length,drab,conspicuous,43.21,Pomacentridae,0,0,2,0,0,0,1,0,0,grazing on aquatic plants,0
52,Sergeant Major,Abudefduf saxatilis,Abudefduf saxatilis,54,22.9,length,colorful,conspicuous,73.43,Pomacentridae,0,0,2.76,0.32,0,1,0,0,0,variable,0
53,Threespot Damselfish,Stegastes planifrons,Stegastes planifrons,54,13,length,drab,conspicuous,56.18,Pomacentridae,0,0,2.82,0.33,0,0,1,0,0,grazing on aquatic plants,0
54,Yellowtail Damselfish,Microspathodon chrysurus,Microspathodon chrysurus,54,21,length,colorful,conspicuous,60.92,Pomacentridae,0,0,2,0,0,0,1,0,0,grazing on aquatic plants,0
55,Cubbyu,Pareques umbrosus,Pareques umbrosus,61,25,length,drab,cryptic,1.37,Sciaenidae,0,0,3.4675,0.4225,1,0,0,0,0,hunting macrofauna (predator),0
56,Highhat,Pareques acuminatus,Pareques acuminatus,61,23,length,drab,cryptic,25.95,Sciaenidae,0,0,3.5,0.37,1,0,0,0,0,hunting macrofauna (predator),0
57,Jackknife-Fish,Equetus lanceolatus,Equetus lanceolatus,61,25,length,drab,cryptic,1.64,Sciaenidae,0,0,3.5,0.37,1,0,0,0,0,hunting macrofauna (predator),0
58,Reef Croaker,Odontoscion dentex,Odontoscion dentex,61,30,length,drab,conspicuous,11.61,Sciaenidae,1,1,3.87,0.55,1,0,0,0,0,hunting macrofauna (predator),0
59,Spotted Drum,Equetus punctatus,Equetus punctatus,61,27,length,drab,cryptic,11.92,Sciaenidae,0,1,3.5,0.37,1,0,0,0,0,hunting macrofauna (predator),0
62,Goldentail Moray,Gymnothorax miliaris,Gymnothorax miliaris,46,70,length,colorful,cryptic,8.01,Muraenidae,0,0,3.87,0.63,1,0,0,0,0,hunting macrofauna (predator),0
63,Green Moray,Gymnothorax funebris,Gymnothorax funebris,46,250,length,drab,cryptic,13.51,Muraenidae,0,0,4.01,0.71,1,0,0,0,0,hunting macrofauna (predator),0
66,Spotted Moray,Gymnothorax moringa,Gymnothorax moringa,46,200,length,drab,cryptic,8.66,Muraenidae,0,0,4.22,0.7,1,0,0,0,0,hunting macrofauna (predator),0
69,Orangespotted Filefish,Cantherhines pullus,Cantherhines pullus,119,20,length,colorful,conspicuous,17.09,Monacanthidae,0,0,2.9,0.17,0,1,0,0,0,variable,0
70,Scrawled Filefish,Aluterus scriptus,Aluterus scriptus,119,110,length,colorful,conspicuous,25.47,Monacanthidae,0,0,3.02,0.19,0,1,0,0,0,variable,0
71,Slender Filefish,Monacanthus tuckeri,Monacanthus tuckeri,119,10,length,colorful,conspicuous,6.19,Monacanthidae,0,0,3.160000086,0.4412,0,0,1,0,0,grazing on aquatic plants,0
72,Whitespotted Filefish,Cantherhines macrocerus,Cantherhines macrocerus,119,46,length,colorful,conspicuous,3.9,Monacanthidae,0,0,2.74,0.32,1,0,0,0,0,hunting macrofauna (predator),0
73,Eyed Flounder,Bothus ocellatus,Bothus ocellatus,11,18,length,drab,cryptic,1.53,Bothidae,0,0,3.5,0.37,0,1,0,0,0,variable,0
76,Spotted Goatfish,Pseudupeneus maculatus,Pseudupeneus maculatus,45,30,length,drab,conspicuous,65.23,Mullidae,0,0,3.37,0.39,1,0,0,0,0,hunting macrofauna (predator),0
77,Yellow Goatfish,Mulloidichthys martinicus,Mulloidichthys martinicus,45,44.8,length,colorful,conspicuous,50.19,Mullidae,1,0,3.5,0.37,1,0,0,0,0,hunting macrofauna (predator),0
80,Colon Goby,Coryphopterus dicrus,Coryphopterus dicrus,31,5,length,drab,cryptic,35.45,Gobiidae,0,0,2.726666667,0.266666667,0,1,0,0,0,variable,0
81,Goldspot Goby,Gnatholepis thompsoni,Gnatholepis thompsoni,31,8.2,length,drab,cryptic,54.26,Gobiidae,0,0,2.77,0.25,0,0,1,0,0,browsing on substrate,0
82,Hovering Dartfish (Hovering Goby),Ptereleotris helenae,Ptereleotris helenae,117,12,length,colorful,conspicuous,11.4,Ptereleotridae,0,0,3.4,0.45,0,0,0,1,0,selective plankton feeding,0
84,Neon Goby,Elacatinus oceanops,Elacatinus oceanops,31,5,length,colorful,conspicuous,61.45,Gobiidae,0,0,3.5,0.37,0,0,0,0,1,picking parasites off a host (cleaner),0
86,Pallid Goby,Coryphopterus eidolon,Coryphopterus eidolon,31,6,length,colorful,cryptic,13.02,Gobiidae,0,0,2,0,0,0,1,0,0,grazing on aquatic plants,0
91,Black Grouper,Mycteroperca bonaci,Mycteroperca bonaci,64,150,length,drab,conspicuous,48.73,Epinephelidae,0,1,4.5,0.8,1,0,0,0,0,hunting macrofauna (predator),1
93,Coney,Cephalopholis fulva,Cephalopholis fulva,64,44,length,colorful,conspicuous,10.95,Epinephelidae,0,0,4.25,0.75,1,0,0,0,0,hunting macrofauna (predator),1
94,Gag,Mycteroperca microlepis,Mycteroperca microlepis,64,145,length,drab,conspicuous,1.22,Epinephelidae,0,0,3.74,0.79,1,0,0,0,0,hunting macrofauna (predator),1
95,Graysby,Cephalopholis cruentata,Cephalopholis cruentata,64,42.6,length,drab,cryptic,72.04,Epinephelidae,0,1,4.16,0.73,1,0,0,0,0,hunting macrofauna (predator),1
96,Goliath Grouper (Jewfish),Epinephelus itajara,Epinephelus itajara,64,250,length,drab,conspicuous,5.83,Epinephelidae,0,0,4.03,0.57,1,0,0,0,0,hunting macrofauna (predator),1
97,Nassau Grouper,Epinephelus striatus,Epinephelus striatus,64,122,length,colorful,conspicuous,12.44,Epinephelidae,0,0,4.03,0.0214,1,0,0,0,0,hunting macrofauna (predator),1
98,Red Grouper,Epinephelus morio,Epinephelus morio,64,125,length,colorful,conspicuous,15.35,Epinephelidae,0,0,3.63,0.71,1,0,0,0,0,hunting macrofauna (predator),1
99,Red Hind,Epinephelus guttatus,Epinephelus guttatus,64,76,length,colorful,conspicuous,4.85,Epinephelidae,0,1,4.15,0.67,1,0,0,0,0,hunting macrofauna (predator),1
100,Rock Hind,Epinephelus adscensionis,Epinephelus adscensionis,64,65,length,drab,conspicuous,9.6,Epinephelidae,0,1,3.75,0.62,1,0,0,0,0,hunting macrofauna (predator),1
101,Scamp,Mycteroperca phenax,Mycteroperca phenax,64,107,length,drab,conspicuous,7.26,Epinephelidae,0,0,4.5,0.8,1,0,0,0,0,hunting macrofauna (predator),1
102,Tiger Grouper,Mycteroperca tigris,Mycteroperca tigris,64,101,length,colorful,conspicuous,1.93,Epinephelidae,0,0,4.5,0.8,1,0,0,0,0,hunting macrofauna (predator),1
103,Yellowfin Grouper,Mycteroperca venenosa,Mycteroperca venenosa,64,100,length,colorful,conspicuous,3.67,Epinephelidae,0,0,4.5,0.8,1,0,0,0,0,hunting macrofauna (predator),1
104,Yellowmouth Grouper,Mycteroperca interstitialis,Mycteroperca interstitialis,64,84,length,colorful,conspicuous,5.18,Epinephelidae,0,0,4.5,0.8,1,0,0,0,0,hunting macrofauna (predator),1
105,Bluestriped Grunt,Haemulon sciurus,Haemulon sciurus,34,46,length,colorful,conspicuous,73.26,Haemulidae,0,0,3.41,0.52,1,0,0,0,0,hunting macrofauna (predator),1
106,Caesar Grunt,Haemulon carbonarium,Haemulon carbonarium,34,36,length,colorful,conspicuous,44.73,Haemulidae,1,0,3.5,0.51,1,0,0,0,0,hunting macrofauna (predator),1
107,Cottonwick,Haemulon melanurum,Haemulon melanurum,34,33,length,drab,conspicuous,7.24,Haemulidae,1,0,3.5,0.44,1,0,0,0,0,hunting macrofauna (predator),1
108,French Grunt,Haemulon flavolineatum,Haemulon flavolineatum,34,30,length,colorful,conspicuous,75.65,Haemulidae,1,0,3.35,0.46,1,0,0,0,0,hunting macrofauna (predator),1
109,Black Margate,Anisotremus surinamensis,Anisotremus surinamensis,34,76,length,drab,conspicuous,29.34,Haemulidae,0,0,3.53,0.47,1,0,0,0,0,hunting macrofauna (predator),1
110,White Margate,Haemulon album,Haemulon album,34,79,length,drab,conspicuous,8.15,Haemulidae,0,0,3.4,0.45,1,0,0,0,0,hunting macrofauna (predator),1
111,Porkfish,Anisotremus virginicus,Anisotremus virginicus,34,40.6,length,colorful,conspicuous,74.66,Haemulidae,0,0,3.44,0.41,1,0,0,0,0,hunting macrofauna (predator),1
112,Sailors Choice,Haemulon parra,Haemulon parra,34,41.2,length,drab,conspicuous,34.07,Haemulidae,0,0,3.91,0.63,1,0,0,0,0,hunting macrofauna (predator),1
113,Smallmouth Grunt,Haemulon chrysargyreum,Haemulon chrysargyreum,34,23,length,colorful,conspicuous,40.01,Haemulidae,1,0,3.49,0.48,1,0,0,0,0,hunting macrofauna (predator),1
114,Spanish Grunt,Haemulon macrostomum,Haemulon macrostomum,34,43,length,colorful,conspicuous,46.76,Haemulidae,1,0,3.26,0.34,1,0,0,0,0,hunting macrofauna (predator),1
115,Striped Grunt,Haemulon striatum,Haemulon striatum,34,28,length,colorful,conspicuous,4.64,Haemulidae,0,0,3.4,0.45,0,0,0,1,0,filtering plankton,1
116,Tomtate,Haemulon aurolineatum,Haemulon aurolineatum,34,25,length,drab,conspicuous,25.64,Haemulidae,1,0,3.19,0.4,1,0,0,0,0,hunting macrofauna (predator),1
118,Barred Hamlet (Caribbean),Hypoplectrus puella,Hypoplectrus puella,64,15.24,length,colorful,conspicuous,19.15,Serranidae,0,1,3.8625,0.6325,1,0,0,0,0,hunting macrofauna (predator),0
119,Black Hamlet,Hypoplectrus nigricans,Hypoplectrus nigricans,64,15.24,length,colorful,conspicuous,10.62,Serranidae,0,1,4,0.66,1,0,0,0,0,hunting macrofauna (predator),0
120,Blue Hamlet,Hypoplectrus gemma,Hypoplectrus gemma,64,13,length,colorful,conspicuous,26.56,Serranidae,0,1,3.8625,0.6325,1,0,0,0,0,hunting macrofauna (predator),0
121,Butter Hamlet,Hypoplectrus unicolor,Hypoplectrus unicolor,64,12.7,length,colorful,conspicuous,57.2,Serranidae,0,0,3.97,0.65,1,0,0,0,0,hunting macrofauna (predator),0
130,Hogfish,Lachnolaimus maximus,Lachnolaimus maximus,38,91,length,drab,conspicuous,73.85,Labridae,0,0,3.44,0.44,1,0,0,0,0,hunting macrofauna (predator),1
131,Spanish Hogfish,Bodianus rufus,Bodianus rufus,38,40,length,colorful,conspicuous,72.97,Labridae,0,0,3.43,0.44,1,0,0,0,0,hunting macrofauna (predator),0
132,Spotfin Hogfish,Bodianus pulchellus,Bodianus pulchellus,38,28.5,length,colorful,conspicuous,6.79,Labridae,0,0,3.55,0.48,1,0,0,0,0,hunting macrofauna (predator),0
133,Bar Jack,Caranx ruber,Caranx ruber,14,73,length,drab,conspicuous,74.06,Carangidae,1,1,3.81,0.7,1,0,0,0,0,hunting macrofauna (predator),1
134,Blue Runner,Caranx crysos,Caranx crysos,14,70,length,drab,conspicuous,6.27,Carangidae,1,0,3.63,0.45,1,0,0,0,0,hunting macrofauna (predator),0
135,Crevalle Jack,Caranx hippos,Caranx hippos,14,124,length,drab,conspicuous,1.6,Carangidae,0,0,3.83,0.66,1,0,0,0,0,hunting macrofauna (predator),0
136,Greater Amberjack,Seriola dumerili,Seriola dumerili,14,190,length,drab,conspicuous,2.28,Carangidae,1,1,4.06,0.62,1,0,0,0,0,hunting macrofauna (predator),0
137,Horse-Eye Jack,Caranx latus,Caranx latus,14,101,length,colorful,conspicuous,6.89,Carangidae,0,0,3.88,0.62,1,0,0,0,0,hunting macrofauna (predator),0
139,Permit,Trachinotus falcatus,Trachinotus falcatus,14,122,length,drab,conspicuous,7.21,Carangidae,0,0,3.5,0.55,1,0,0,0,0,hunting macrofauna (predator),0
140,Rainbow Runner,Elagatis bipinnulata,Elagatis bipinnulata,14,180,length,colorful,conspicuous,1.92,Carangidae,1,1,3.59,0.49,1,0,0,0,0,hunting macrofauna (predator),0
141,Yellow Jack,Caranx bartholomaei,Caranx bartholomaei,14,100,length,colorful,conspicuous,13.29,Carangidae,0,1,4.5,0.8,1,0,0,0,0,hunting macrofauna (predator),0
142,Cero,Scomberomorus regalis,Scomberomorus regalis,62,183,length,drab,conspicuous,13.68,Scombridae,1,0,4.38,0.73,1,0,0,0,0,hunting macrofauna (predator),0
144,Blue Parrotfish,Scarus coeruleus,Scarus coeruleus,60,120,length,colorful,conspicuous,44.81,Scaridae,0,0,2,0,0,0,1,0,0,browsing on substrate,0
145,Bluelip Parrotfish,Cryptotomus roseus,Cryptotomus roseus,60,13,length,colorful,conspicuous,14.92,Scaridae,0,0,2,0,0,0,1,0,0,grazing on aquatic plants,0
146,Bucktooth Parrotfish,Sparisoma radians,Sparisoma radians,60,20,length,colorful,conspicuous,4.36,Scaridae,0,0,2,0,0,0,1,0,0,browsing on substrate,0
147,Greenblotch Parrotfish,Sparisoma atomarium,Sparisoma atomarium,60,25,length,colorful,conspicuous,38.53,Scaridae,0,0,2,0,0,0,1,0,0,grazing on aquatic plants,0
148,Midnight Parrotfish,Scarus coelestinus,Scarus coelestinus,60,77,length,colorful,conspicuous,38.67,Scaridae,1,0,2.052142857,0.026428571,0,0,1,0,0,grazing on aquatic plants,0
149,Princess Parrotfish,Scarus taeniopterus,Scarus taeniopterus,60,35,length,colorful,conspicuous,47.71,Scaridae,0,0,2,0,0,0,1,0,0,browsing on substrate,0
150,Queen Parrotfish,Scarus vetula,Scarus vetula,60,61,length,colorful,conspicuous,52.31,Scaridae,0,0,2,0,0,0,1,0,0,grazing on aquatic plants,0
151,Rainbow Parrotfish,Scarus guacamaia,Scarus guacamaia,60,120,length,colorful,conspicuous,28.82,Scaridae,0,0,2.052142857,0.026428571,0,0,1,0,0,browsing on substrate,0
152,Redband Parrotfish,Sparisoma aurofrenatum,Sparisoma aurofrenatum,60,28,length,colorful,conspicuous,90.14,Scaridae,1,1,2,0,0,0,1,0,0,browsing on substrate,0
153,Yellowtail (Redfin) Parrotfish,Sparisoma rubripinne,Sparisoma rubripinne,60,47.8,length,colorful,conspicuous,53.65,Scaridae,0,0,2,0,0,0,1,0,0,browsing on substrate,0
154,Redtail Parrotfish,Sparisoma chrysopterum,Sparisoma chrysopterum,60,46,length,colorful,conspicuous,47.82,Scaridae,0,0,2,0,0,0,1,0,0,browsing on substrate,0
155,Stoplight Parrotfish,Sparisoma viride,Sparisoma viride,60,64,length,colorful,conspicuous,84.95,Scaridae,0,1,2,0,0,0,1,0,0,browsing on substrate,0
156,Striped Parrotfish,Scarus iseri,Scarus iseri,60,35,length,drab,conspicuous,86.29,Scaridae,1,0,2.052142857,0.026428571,0,0,1,0,0,browsing on substrate,0
157,Jolthead Porgy,Calamus bajonado,Calamus bajonado,65,76,length,drab,conspicuous,2.55,Sparidae,0,0,3.497142857,0.462857143,1,0,0,0,0,hunting macrofauna (predator),0
158,Littlehead Porgy,Calamus proridens,Calamus proridens,65,46,length,drab,conspicuous,1.48,Sparidae,0,0,3.5,0.5,1,0,0,0,0,hunting macrofauna (predator),0
160,Saucereye Porgy,Calamus calamus,Calamus calamus,65,56,length,drab,conspicuous,32.04,Sparidae,0,0,3.497142857,0.462857143,1,0,0,0,0,hunting macrofauna (predator),0
163,Balloonfish,Diodon holocanthus,Diodon holocanthus,127,50,length,drab,cryptic,7.97,Diodontidae,1,1,3.31,0.43,1,0,0,0,0,hunting macrofauna (predator),0
164,Bandtail Puffer,Sphoeroides spengleri,Sphoeroides spengleri,70,30,length,drab,conspicuous,3.79,Tetraodontidae,0,0,3.5,0.44,1,0,0,0,0,hunting macrofauna (predator),0
166,Porcupinefish,Diodon hystrix,Diodon hystrix,127,91,length,drab,cryptic,10.21,Diodontidae,0,1,3.61,0.56,1,0,0,0,0,hunting macrofauna (predator),0
167,Sharpnose Puffer,Canthigaster rostrata,Canthigaster rostrata,70,12,length,drab,conspicuous,78.19,Tetraodontidae,0,0,2.77,0.25,0,1,0,0,0,variable,0
172,Yellow Stingray,Urobatis jamaicensis,Urobatis jamaicensis,75,76,length,colorful,cryptic,11.61,Urolophidae,0,0,3.55,0.51,1,0,0,0,0,hunting macrofauna (predator),0
173,Green Razorfish,Xyrichtys splendens,Xyrichtys splendens,38,17.5,length,colorful,cryptic,21.63,Labridae,0,0,3.44,0.44,1,0,0,0,0,hunting macrofauna (predator),0
175,Rosy Razorfish,Xyrichtys martinicensis,Xyrichtys martinicensis,38,15,length,colorful,cryptic,6.19,Labridae,0,0,3.5,0.37,1,0,0,0,0,hunting macrofauna (predator),0
179,Chalk Bass,Serranus tortugarum,Serranus tortugarum,64,8,length,colorful,cryptic,6.2,Serranidae,1,0,3.735555556,0.572222222,0,0,0,1,0,selective plankton feeding,0
180,Creolefish (Atlantic),Paranthias furcifer,Paranthias furcifer,64,30,length,colorful,conspicuous,3.75,Serranidae,0,0,3.4,0.45,1,0,0,0,0,hunting macrofauna (predator),0
181,Harlequin Bass,Serranus tigrinus,Serranus tigrinus,64,29,length,colorful,conspicuous,63.3,Serranidae,0,1,3.5,0.37,1,0,0,0,0,hunting macrofauna (predator),0
182,Lantern Bass,Serranus baldwini,Serranus baldwini,64,12,length,colorful,conspicuous,13.88,Serranidae,0,0,4.05,0.7,1,0,0,0,0,hunting macrofauna (predator),0
183,Peppermint Basslet,Liopropoma rubre,Liopropoma rubre,124,10,length,colorful,cryptic,2.75,Liopropomatinae,0,1,3.97,0.65,1,0,0,0,0,hunting macrofauna (predator),0
184,Sand Perch,Diplectrum formosum,Diplectrum formosum,64,30,length,drab,conspicuous,2.53,Serranidae,0,0,4.15,0.71,1,0,0,0,0,hunting macrofauna (predator),0
185,Tobaccofish,Serranus tabacarius,Serranus tabacarius,64,22,length,colorful,conspicuous,16.26,Serranidae,0,0,3.98,0.6,1,0,0,0,0,hunting macrofauna (predator),0
187,Nurse Shark,Ginglymostoma cirratum,Ginglymostoma cirratum,122,430,length,drab,cryptic,14.5,Ginglymostomatidae,0,1,4.3,0.74,1,0,0,0,0,hunting macrofauna (predator),0
188,Reef Shark (Caribbean),Carcharhinus perezii,Carcharhinus perezii,15,300,length,drab,conspicuous,1.78,Carcharhinidae,0,0,4.5,0.8,1,0,0,0,0,hunting macrofauna (predator),0
189,Blackfin Snapper,Lutjanus buccanella,Lutjanus buccanella,41,75,length,colorful,conspicuous,2.47,Lutjanidae,0,0,3.9,0.57,1,0,0,0,0,hunting macrofauna (predator),1
190,Cubera Snapper,Lutjanus cyanopterus,Lutjanus cyanopterus,41,160,length,drab,cryptic,2.67,Lutjanidae,0,0,3.99,0.7,1,0,0,0,0,hunting macrofauna (predator),1
191,Dog Snapper,Lutjanus jocu,Lutjanus jocu,41,128,length,drab,conspicuous,15.9,Lutjanidae,0,0,3.92,0.58,1,0,0,0,0,hunting macrofauna (predator),1
192,Gray Snapper,Lutjanus griseus,Lutjanus griseus,41,89,length,drab,conspicuous,61.26,Lutjanidae,1,0,3.88,0.79,1,0,0,0,0,hunting macrofauna (predator),1
193,Lane Snapper,Lutjanus synagris,Lutjanus synagris,41,60,length,colorful,conspicuous,14.05,Lutjanidae,0,0,3.66,0.8,1,0,0,0,0,hunting macrofauna (predator),1
194,Mahogany Snapper,Lutjanus mahogoni,Lutjanus mahogoni,41,48,length,colorful,conspicuous,44.13,Lutjanidae,0,0,3.98,0.6,1,0,0,0,0,hunting macrofauna (predator),1
195,Mutton Snapper,Lutjanus analis,Lutjanus analis,41,94,length,colorful,conspicuous,19.98,Lutjanidae,0,0,3.92,0.6,1,0,0,0,0,hunting macrofauna (predator),1
196,Schoolmaster,Lutjanus apodus,Lutjanus apodus,41,79.1,length,colorful,conspicuous,58.41,Lutjanidae,0,0,3.76,0.57,1,0,0,0,0,hunting macrofauna (predator),1
197,Yellowtail Snapper,Ocyurus chrysurus,Ocyurus chrysurus,41,86.3,length,colorful,conspicuous,87.08,Lutjanidae,0,0,3.88,0.54,1,0,0,0,0,hunting macrofauna (predator),1
198,Blackbar Soldierfish,Myripristis jacobus,Myripristis jacobus,35,25,length,colorful,cryptic,12.62,Holocentridae,0,0,3.63,0.57,1,0,0,0,0,hunting macrofauna (predator),0
199,Dusky Squirrelfish,Sargocentron vexillarium,Sargocentron vexillarium,35,18,length,colorful,cryptic,12.07,Holocentridae,0,0,3.63,0.52,1,0,0,0,0,hunting macrofauna (predator),0
200,Longjaw Squirrelfish,Neoniphon marianus,Neoniphon marianus,35,18,length,colorful,cryptic,3.1,Holocentridae,0,0,3.68,0.55,1,0,0,0,0,hunting macrofauna (predator),0
201,Longspine Squirrelfish,Holocentrus rufus,Holocentrus rufus,35,35,length,colorful,cryptic,41.27,Holocentridae,0,0,3.49,0.54,1,0,0,0,0,hunting macrofauna (predator),0
203,Squirrelfish,Holocentrus adscensionis,Holocentrus adscensionis,35,61,length,colorful,cryptic,37.5,Holocentridae,0,0,3.4,0.49,1,0,0,0,0,hunting macrofauna (predator),0
204,Blue Tang,Acanthurus coeruleus,Acanthurus coeruleus,1,39,length,colorful,conspicuous,93.05,Acanthuridae,1,0,2,0,0,0,1,0,0,browsing on substrate,0
205,Doctorfish,Acanthurus chirurgus,Acanthurus chirurgus,1,39,length,colorful,conspicuous,60.01,Acanthuridae,1,0,2,0,0,0,1,0,0,grazing on aquatic plants,0
206,Ocean Surgeonfish,Acanthurus bahianus,Acanthurus bahianus,1,13,length,colorful,conspicuous,84.36,Acanthuridae,1,0,2.326071429,0.12,0,0,1,0,0,browsing on substrate,0
207,Black Durgon,Melichthys niger,Melichthys niger,7,50,length,colorful,conspicuous,1.05,Balistidae,0,0,2.73,0.3,0,0,1,0,0,grazing on aquatic plants,0
209,Ocean Triggerfish,Canthidermis sufflamen,Canthidermis sufflamen,7,65,length,drab,conspicuous,6.19,Balistidae,0,0,3.48,0.47,0,0,0,1,0,selective plankton feeding,0
210,Queen Triggerfish,Balistes vetula,Balistes vetula,7,60,length,colorful,conspicuous,1.39,Balistidae,0,0,3.339999914,0.451,1,0,0,0,0,hunting macrofauna (predator),0
212,Blackear Wrasse,Halichoeres poeyi,Halichoeres poeyi,38,20,length,colorful,conspicuous,5.22,Labridae,0,0,3.526818181,0.43765,1,0,0,0,0,hunting macrofauna (predator),0
213,Bluehead,Thalassoma bifasciatum,Thalassoma bifasciatum,38,25,length,colorful,conspicuous,93.96,Labridae,0,0,3.49,0.42,0,0,0,1,0,selective plankton feeding,0
214,Clown Wrasse,Halichoeres maculipinna,Halichoeres maculipinna,38,18,length,colorful,conspicuous,68.79,Labridae,0,1,3.5,0.37,1,0,0,0,0,hunting macrofauna (predator),0
215,Creole Wrasse,Clepticus parrae,Clepticus parrae,38,30,length,colorful,conspicuous,50.33,Labridae,0,0,3.68,0.38,1,0,0,0,0,hunting macrofauna (predator),0
216,Puddingwife,Halichoeres radiatus,Halichoeres radiatus,38,51,length,colorful,conspicuous,60.19,Labridae,0,0,3.5,0.37,0,1,0,0,0,variable,0
217,Rainbow Wrasse,Halichoeres pictus,Halichoeres pictus,38,13,length,colorful,conspicuous,1.7,Labridae,0,0,3.5,0.37,1,0,0,0,0,hunting macrofauna (predator),0
218,Slippery Dick,Halichoeres bivittatus,Halichoeres bivittatus,38,35,length,drab,conspicuous,77.19,Labridae,0,0,3.5,0.37,1,0,0,0,0,hunting macrofauna (predator),0
219,Yellowcheek Wrasse,Halichoeres cyanocephalus,Halichoeres cyanocephalus,38,30,length,colorful,conspicuous,2.57,Labridae,0,0,3.59,0.54,0,0,0,0,1,picking parasites off a host (cleaner),0
220,Yellowhead Wrasse,Halichoeres garnoti,Halichoeres garnoti,38,19.3,length,colorful,conspicuous,84.63,Labridae,0,0,3.5,0.37,1,0,0,0,0,hunting macrofauna (predator),0
223,Lancer Dragonet,Paradiplogrammus bairdi,Paradiplogrammus bairdi,13,11.4,length,drab,cryptic,3.51,Callionymidae,0,0,3.246428559,0.395764286,1,0,0,0,0,hunting macrofauna (predator),0
226,Redspotted Hawkfish,Amblycirrhitus pinos,Amblycirrhitus pinos,18,9.5,length,colorful,cryptic,10.67,Cirrhitidae,0,0,3.5,0.37,1,0,0,0,0,hunting macrofauna (predator),0
228,Yellowhead Jawfish,Opistognathus aurifrons,Opistognathus aurifrons,50,10,length,colorful,cryptic,38.11,Opistognathidae,0,0,3.73,0.36,0,0,0,1,0,selective plankton feeding,0
229,Yellowfin Mojarra,Gerres cinereus,Gerres cinereus,30,41,length,drab,conspicuous,4.46,Gerreidae,0,0,3.2,0.35,1,0,0,0,0,hunting macrofauna (predator),0
230,Sand Diver,Synodus intermedius,Synodus intermedius,69,46,length,colorful,cryptic,7.62,Synodontidae,0,0,4.35,0.71,1,0,0,0,0,hunting macrofauna (predator),0
231,Sharksucker,Echeneis naucrates,Echeneis naucrates,24,110,length,drab,conspicuous,20.91,Echeneidae,0,0,3.4,0.45,0,0,0,0,1,picking parasites off a host (cleaner),0
233,Common Snook,Centropomus undecimalis,Centropomus undecimalis,16,140,length,drab,conspicuous,3.86,Centropomidae,0,0,4.08,0.7,1,0,0,0,0,hunting macrofauna (predator),0
234,Greater Soapfish,Rypticus saponaceus,Rypticus saponaceus,64,35,length,drab,cryptic,5.27,Serranidae,0,1,4,0.61,1,0,0,0,0,hunting macrofauna (predator),0
235,Atlantic Spadefish,Chaetodipterus faber,Chaetodipterus faber,26,91,length,drab,conspicuous,10.75,Ephippidae,0,0,3.5,0.47,1,0,0,0,0,hunting macrofauna (predator),0
236,Glassy Sweeper,Pempheris schomburgkii,Pempheris schomburgkii,52,15,length,colorful,cryptic,20.91,Pempheridae,0,0,3.431666654,0.456733333,0,0,0,1,0,selective plankton feeding,0
237,Tarpon,Megalops atlanticus,Megalops atlanticus,25,250,length,drab,conspicuous,3.03,Elopidae,1,0,3.61,0.57,1,0,0,0,0,hunting macrofauna (predator),0
238,Sand Tilefish,Malacanthus plumieri,Malacanthus plumieri,42,70,length,colorful,conspicuous,22.98,Malacanthidae,0,0,3.5,0.37,1,0,0,0,0,hunting macrofauna (predator),0
239,Trumpetfish,Aulostomus maculatus,Aulostomus maculatus,6,100,length,colorful,conspicuous,43.79,Aulostomidae,0,0,4.44,0.79,1,0,0,0,0,hunting macrofauna (predator),0
311,Barred Blenny,Hypleurochilus bermudensis,Hypleurochilus bermudensis,10,10,length,drab,cryptic,1.63,Blenniidae,0,0,3.103333333,0.383333333,1,0,0,0,0,hunting macrofauna (predator),0
331,Papillose Blenny,Acanthemblemaria chaplini,Acanthemblemaria chaplini,91,4.5,length,colorful,cryptic,1.12,Chaenopsidae,0,0,3.36,0.431428571,1,0,0,0,0,hunting macrofauna (predator),0
336,Roughhead Blenny,Acanthemblemaria aspera,Acanthemblemaria aspera,91,4,length,colorful,cryptic,30.76,Chaenopsidae,0,0,3.12,0.32,1,0,0,0,0,hunting macrofauna (predator),0
338,Spinyhead Blenny,Acanthemblemaria spinosa,Acanthemblemaria spinosa,91,3.1,length,colorful,cryptic,1.27,Chaenopsidae,0,0,3.36,0.431428571,1,0,0,0,0,hunting macrofauna (predator),0
341,Yellowface Pikeblenny,Chaenopsis limbaughi,Chaenopsis limbaughi,91,8.5,length,colorful,cryptic,1.32,Chaenopsidae,0,0,3.68,0.55,1,0,0,0,0,hunting macrofauna (predator),0
343,Lofty Triplefin,Enneanectes altivelis,Enneanectes altivelis,73,4,length,colorful,conspicuous,1.28,Tripterygiidae,0,0,2.775,0.25,0,1,0,0,0,variable,0
361,Sponge Cardinalfish,Phaeoptyx xenus,Phaeoptyx xenus,4,7.5,length,drab,cryptic,1.31,Apogonidae,0,0,3.529747,0.5042658,1,0,0,0,0,hunting macrofauna (predator),0
404,Ballyhoo,Hemiramphus brasiliensis,Hemiramphus brasiliensis,126,55,length,drab,conspicuous,2.01,Hemiramphidae,1,0,2.8,0.41,0,0,1,0,0,grazing on aquatic plants,0
427,Orangespotted Goby,Nes longus,Nes longus,31,10,length,colorful,cryptic,1.67,Gobiidae,0,0,3.41,0.55,1,0,0,0,0,hunting macrofauna (predator),0
429,Rusty Goby,Priolepis hipoliti,Priolepis hipoliti,31,4,length,colorful,cryptic,1.99,Gobiidae,0,0,3.5,0.5,1,0,0,0,0,hunting macrofauna (predator),0
430,Seminole Goby,Microgobius carri,Microgobius carri,31,10,length,colorful,conspicuous,2.84,Gobiidae,0,0,3.52,0.52,1,0,0,0,0,hunting macrofauna (predator),0
438,Yellowprow Goby,Elacatinus xanthiprora,Elacatinus xanthiprora,31,4,length,colorful,cryptic,3.32,Gobiidae,0,0,3.34,0.33,0,1,0,0,0,variable,0
449,Almaco Jack,Seriola rivoliana,Seriola rivoliana,14,160,length,drab,conspicuous,1.78,Carangidae,0,1,4.5,0.78,1,0,0,0,0,hunting macrofauna (predator),0
457,Mackerel Scad,Decapterus macarellus,Decapterus macarellus,14,46,length,drab,conspicuous,2.29,Carangidae,0,0,3.24,0.38,1,0,0,0,0,hunting macrofauna (predator),0
461,Round Scad,Decapterus punctatus,Decapterus punctatus,14,30,length,drab,conspicuous,2.6,Carangidae,0,0,3.26,0.43,1,0,0,0,0,hunting macrofauna (predator),0
497,Knobbed Porgy,Calamus nodosus,Calamus nodosus,65,54.4,length,drab,conspicuous,7.62,Sparidae,0,0,3.61,0.31,1,0,0,0,0,hunting macrofauna (predator),0
539,School Bass,Schultzea beta,Schultzea beta,64,10,length,drab,conspicuous,1.16,Serranidae,0,0,3.4,0.45,0,0,0,1,0,filtering plankton,0
617,Golden Smooth Trunkfish,Lactophrys triqueter,Lactophrys triqueter,51,47,length,colorful,conspicuous,#N/A,Ostraciidae,0,1,3.5,0.37,1,0,0,0,0,hunting macrofauna (predator),0
683,Red Lionfish (exotic),Pterois volitans,Pterois volitans,63,38,length,colorful,conspicuous,4.16,Scorpaenidae,0,0,3.44,0.51,1,0,0,0,0,hunting macrofauna (predator),0
170,Southern Stingray,Dasyatis americana,Dasyatis americana,23,200,width,drab,cryptic,8.74,Dasyatidae,1,1,3.72,0.65,0,1,0,0,0,variable,0
171,Spotted Eagle Ray,Aetobatus narinari,Aetobatus narinari,47,330,width,colorful,conspicuous,3.11,Myliobatidae,0,0,3.32,0.43,1,0,0,0,0,hunting macrofauna (predator),0
