"","SPECIES_CD","FAMILY","SCINAME","COMNAME","LC","LM","WLEN_A","WLEN_B"
"1","ABU SAXA","Pomacentridae","Abudefduf saxatilis","Sergeant Major",NA,NA,1.64e-05,3.142
"2","ACA ASPE","Chaenopsidae","Acanthemblemaria aspera","Roughhead Blenny",NA,NA,8.4e-06,2.962
"3","ACA BAHI","Acanthuridae","Acanthurus bahianus","Ocean Surgeon",NA,NA,2.5e-05,2.9752
"4","ACA CHAP","Chaenopsidae","Acanthemblemaria chaplini","Papillose Blenny",NA,NA,8.4e-06,2.962
"5","ACA CHIR","Acanthuridae","Acanthurus chirurgus","Doctorfish",NA,NA,1.2e-06,3.532790894
"6","ACA COER","Acanthuridae","Acanthurus coeruleus","Blue Tang",NA,NA,6.18e-05,2.834578168
"7","ACA MARI","Chaenopsidae","Acanthemblemaria maria","Secretary Blenny",NA,NA,8.4e-06,2.962
"8","ACA POLY","Ostraciidae","Acanthostracion polygonia","Honeycomb Cowfish",NA,NA,1.79e-05,3
"9","ACA QUAD","Ostraciidae","Acanthostracion quadricornis","Scrawled Cowfish",NA,NA,9.55e-05,2.2629
"10","ACA SOLA",NA,"Acanthocybium solandri","Wahoo",NA,NA,NA,NA
"11","ACA SPE.","Acanthuridae","Acanthurus sp.","Surgeonfish Species",NA,NA,2.39e-05,2.9435
"12","ACA SPIN","Chaenopsidae","Acanthemblemaria spinosa","Spinyhead Blenny",NA,NA,8.4e-06,2.962
"13","AET NARI","Myliobatidae","Aetobatus narinari","Spotted Eagle Ray",NA,NA,4.37e-06,3.13
"14","AHL EGMO","Ophichthidae","Ahlia egmontis","Key Worm Eel",NA,NA,9.89e-07,3.005
"15","ALB VULP",NA,"Albula vulpes","Bonefish",NA,NA,NA,NA
"16","ALE CILI","Carangidae","Alectis ciliaris","African Pompano",NA,NA,5.82e-05,2.85
"17","ALP AFER","Serranidae","Alphestes afer","Mutton Hamlet",NA,NA,1.52e-05,3.0038
"18","ALU MONO","Monacanthidae","Aluterus monoceros","Unicorn Filefish",NA,NA,2.13e-05,2.96
"19","ALU SCHO","Monacanthidae","Aluterus schoepfii","Orange Filefish",NA,NA,6.9e-06,3
"20","ALU SCRI","Monacanthidae","Aluterus scriptus","Scrawled Filefish",NA,NA,2.2e-06,3
"21","ALU SPE.","Monacanthidae","Aluterus sp.","Filefish Species",NA,NA,6.91e-06,2.9867
"22","AMB PINO","Cirrhitidae","Amblycirrhitus pinos","Redspotted Hawkfish",NA,NA,9.74e-07,3.426590715
"23","ANC LYOL","Engraulidae","Anchoa lyolepis","Dusky Anchovy",NA,NA,3.72e-06,3.1694
"24","ANI SURI","Haemulidae","Anisotremus surinamensis","Black Margate",20,NA,2.39e-06,3.391648512
"25","ANI VIRG","Haemulidae","Anisotremus virginicus","Porkfish",22,23.1,1.01e-05,3.167407164
"26","ANT OCEL","Antennariidae","Antennarius ocellatus","Ocellated Frogfish",NA,NA,5.1e-06,3
"27","APO AURO","Apogonidae","Apogon aurolineatus","Bridle Cardinalfish",NA,NA,1.04e-05,3.1295
"28","APO BINO","Apogonidae","Apogon binotatus","Barred Cardinalfish",NA,NA,1.04e-05,3.1295
"29","APO MACU","Apogonidae","Apogon maculatus","Flamefish",NA,NA,1.33e-05,3.073
"30","APO PHEN","Apogonidae","Apogon phenax","Mimic Cardinalfish",NA,NA,1.04e-05,3.1295
"31","APO PSEU","Apogonidae","Apogon pseudomaculatus","Twospot Cardinalfish",NA,NA,2.28e-05,2.943
"32","APO QUAD","Apogonidae","Apogon quadrisquamatus","Sawcheek Cardinalfish",NA,NA,1.04e-05,3.1295
"33","APO TOWN","Apogonidae","Apogon townsendi","Belted Cardinalfish",NA,NA,1.04e-05,3.1295
"34","ARC PROB","Sparidae","Archosargus probatocephalus","Sheepshead",NA,NA,2.67e-05,3.045
"35","ARC RHOM","Sparidae","Archosargus rhomboidalis","Sea Bream",NA,NA,1.42e-05,3.1021
"36","AST GUTT",NA,"Astroscopus guttatus","Northern Stargazer",NA,NA,NA,NA
"37","AST PUNC","Apogonidae","Astrapogon puncticulatus","Blackfin Cardinalfish",NA,NA,1.42e-05,3.077
"38","AST SPE.","Apogonidae","Astrapogon sp.","Cardinalfish Species",NA,NA,1.42e-05,3.077
"39","AST STEL","Apogonidae","Astrapogon stellatus","Conchfish",NA,NA,1.42e-05,3.077
"40","ATH STIP","Atherinidae","Atherinomorus stipes","Hardhead Silverside",NA,NA,5.06e-06,3.1938
"41","AUL MACU","Aulostomidae","Aulostomus maculatus","Atlantic Trumpetfish",NA,NA,4.18e-07,3.3334
"42","BAL CAPR","Balistidae","Balistes capriscus","Gray Triggerfish",30,NA,2.91e-05,2.935218674
"43","BAL SPE.","Balistidae","Balistes sp.","Triggerfish Species",NA,NA,4.21e-05,2.8602
"44","BAL VETU","Balistidae","Balistes vetula","Queen Triggerfish",NA,NA,2.73e-05,2.990264014
"45","BEL SPE.",NA,"Needlefish sp.","Needlefish Species",NA,NA,NA,NA
"46","BLE SPE.","Gobiidae","Blenny sp.","Blenny Species",NA,NA,1.45e-05,2.987
"47","BOD PULC","Labridae","Bodianus pulchellus","Spotfin Hogfish",7.5,NA,2.01e-05,2.9992
"48","BOD RUFU","Labridae","Bodianus rufus","Spanish Hogfish",5,NA,1.28e-05,3.053
"49","BOL BOQU",NA,"Bollmannia boqueronensis","White Eye Goby",NA,NA,NA,NA
"50","BOT LUNA","Bothidae","Bothus lunatus","Peacock Flounder",NA,NA,6.34e-06,3.189410576
"51","BOT OCEL","Bothidae","Bothus ocellatus","Eyed Flounder",NA,NA,4.34e-06,3.226
"52","BRO BARB",NA,"Brotula barbata","Atlantic Bearded Brotula",NA,NA,NA,NA
"53","CAL BAJO","Sparidae","Calamus bajonado","Jolthead Porgy",22,NA,6.68e-05,2.8175
"54","CAL CALA","Sparidae","Calamus calamus","Saucereye Porgy",20,NA,6.79e-05,2.8009
"55","CAL LEUC",NA,"Calamus leucosteus","Whitebone Porgy",NA,NA,NA,NA
"56","CAL NODO","Sparidae","Calamus nodosus","Knobbed Porgy",NA,NA,5.71e-06,3.13
"57","CAL PENN","Sparidae","Calamus penna","Sheepshead Porgy",NA,NA,0.000165994,2.663
"58","CAL PROR","Sparidae","Calamus proridens","Littlehead Porgy",NA,NA,2.41e-05,3
"59","CAL SPE.","Sparidae","Porgy sp.","Porgy Species",NA,NA,6.08e-05,2.8662
"60","CAN MACR","Monacanthidae","Cantherhines macrocerus","Whitespotted Filefish",NA,NA,0.000124613,2.6534
"61","CAN PULL","Monacanthidae","Cantherhines pullus","Orangespotted Filefish",NA,NA,0.000186733,2.5632
"62","CAN ROST","Tetraodontidae","Canthigaster rostrata","Sharpnose Puffer",NA,NA,2.51e-05,2.9219
"63","CAN SUFF","Balistidae","Canthidermis sufflamen","Ocean Triggerfish",36,NA,1.55e-05,3.055379087
"64","CAR BART","Carangidae","Caranx bartholomaei","Yellow Jack",30,NA,3.2e-05,2.908507846
"65","CAR CRYS","Carangidae","Caranx crysos","Blue Runner",NA,NA,0.000106987,2.69
"66","CAR FALC","Carcharhinidae","Carcharhinus falciformis","Silky Shark",NA,NA,8.8e-06,3.06
"67","CAR HIPP","Carangidae","Caranx hippos","Crevalle Jack",NA,NA,9.55e-05,2.734448643
"68","CAR LATU","Carangidae","Caranx latus","Horse Eye Jack",NA,NA,2.25e-05,2.97
"69","CAR LEUC","Carcharhinidae","Carcharhinus leucas","Bull Shark",NA,NA,1.33e-05,2.923
"70","CAR LIMB","Carcharhinidae","Carcharhinus limbatus","Blacktip Shark",NA,NA,5.96e-06,3.01
"71","CAR LUGU","Carangidae","Caranx lugubris","Black Jack",NA,NA,1.98e-05,3.001
"72","CAR OBSC",NA,"Carcharhinus obscurus","Dusky Shark",NA,NA,NA,NA
"73","CAR PERE","Carcharhinidae","Carcharhinus perezii","Reef Shark",NA,NA,4.45e-06,3.1151
"74","CAR PLUM",NA,"Carcharhinus plumbeus","Sandbar Shark",NA,NA,NA,NA
"75","CAR RUBE","Carangidae","Caranx ruber","Bar Jack",25,NA,4.29e-06,3.236983681
"76","CAR SPE.","Carangidae","Caranx sp.","Jack Species",NA,NA,2.48e-05,2.9499
"77","CEN ARGI","Pomacentridae","Centropyge argi","Cherubfish",NA,NA,4.98e-05,2.7995
"78","CEN OCYU",NA,"Centropristis ocyurus","Bank Sea Bass",NA,NA,NA,NA
"79","CEN STRI",NA,"Centropristis striata","Black Sea Bass",NA,NA,NA,NA
"80","CEN UNDE","Centropomidae","Centropomus undecimalis","Common Snook",NA,NA,5.29e-06,3.04
"81","CEP CRUE","Serranidae","Cephalopholis cruentata","Graysby",21,16.4991,1e-05,3.082
"82","CEP FULV","Serranidae","Cephalopholis fulva","Coney",22,18.5084,1.74e-05,3
"83","CHA CAPI","Chaetodontidae","Chaetodon capistratus","Foureye Butterflyfish",2.5,NA,1.29e-06,3.19
"84","CHA FABE","Ephippidae","Chaetodipterus faber","Atlantic Spadefish",NA,NA,0.000192079,2.683600424
"85","CHA LIMB","Chaenopsidae","Chaenopsis limbaughi","Yellowface Pikeblenny",NA,NA,8.4e-06,2.962
"86","CHA OCEL","Chaetodontidae","Chaetodon ocellatus","Spotfin Butterflyfish",2.5,NA,3.3e-05,2.984
"87","CHA SEDE","Chaetodontidae","Chaetodon sedentarius","Reef Butterflyfish",2.5,NA,2.11e-05,3.076
"88","CHA STRI","Chaetodontidae","Chaetodon striatus","Banded Butterflyfish",2.5,NA,1.61e-05,3.14
"89","CHI ANTE","Diodontidae","Chilomycterus antennatus","Bridled Burrfish",NA,NA,0.000137006,2.752
"90","CHI ATIN",NA,"Chilomycterus atinga","Spotted Burrfish",NA,NA,NA,NA
"91","CHI SCHO","Diodontidae","Chilomycterus schoepfii","Striped Burrfish",NA,NA,0.000137006,2.752
"92","CHL CHRY",NA,"Chloroscombus chrysurus","Atlantic Bumper",NA,NA,NA,NA
"93","CHR ATHE","Hemiramphidae","Chriodorus atherinoides","Hardhead Halfbeak",NA,NA,3.53e-06,3.0201
"94","CHR CYAN","Pomacentridae","Chromis cyanea","Blue Chromis",NA,NA,2.14e-05,2.9653
"95","CHR ENCH","Pomacentridae","Chromis enchrysura","Yellowtail Reeffish",NA,NA,2.14e-05,2.9653
"96","CHR INSO","Pomacentridae","Chromis insolata","Sunshinefish",NA,NA,2.14e-05,2.9653
"97","CHR MULT","Pomacentridae","Chromis multilineata","Brown Chromis",NA,NA,2.14e-05,2.9653
"98","CHR SCOT","Pomacentridae","Chromis scotti","Purple Reeffish",NA,NA,2.14e-05,2.9653
"99","CLE PARR","Labridae","Clepticus parrae","Creole Wrasse",NA,NA,1.32e-05,3.0173
"100","COR DICR","Gobiidae","Coryphopterus dicrus","Colon Goby",NA,NA,1.45e-05,2.987
"101","COR EIDO","Gobiidae","Coryphopterus eidolon","Pallid Goby",NA,NA,1.45e-05,2.987
"102","COR GLAU","Gobiidae","Coryphopterus glaucofraenum","Bridled Goby",NA,NA,1.42e-05,2.967372891
"103","COR LIPE","Gobiidae","Coryphopterus lipernes","Peppermint Goby",NA,NA,1.45e-05,2.987
"104","COR PERS","Gobiidae","Coryphopterus personatus","Masked Goby",NA,NA,1.45e-05,2.987
"105","COR PUNC","Gobiidae","Coryphopterus punctipectophorus","Spotted Goby",NA,NA,1.45e-05,2.987
"106","COR SPE.","Gobiidae","Coryphopterus sp.","Goby Species",NA,NA,1.45e-05,2.987
"107","CRY ROSE","Scaridae","Cryptotomus roseus","Bluelip Parrotfish",NA,NA,3.32e-05,3.1816
"108","CTE SAEP","Gobiidae","Ctenogobius saepepallens","Dash Goby",NA,NA,1.07e-05,3.01
"109","DAC VOLI","Dactylopteridae","Dactylopterus volitans","Flying Gurnard",NA,NA,3.44e-05,2.8
"110","DAS AMER","Dasyatidae","Dasyatis americana","Southern Stingray",NA,NA,0.000114458,2.81
"111","DEC MACA","Carangidae","Decapterus macarellus","Mackerel Scad",NA,NA,7.08e-06,3.15
"112","DEC PUNC","Carangidae","Decapterus punctatus","Round Scad",NA,NA,1.22e-05,2.99
"113","DEC SPE.",NA,"Decapterus sp.","Scad Species",NA,NA,NA,NA
"114","DER INER","Serranidae","Dermatolepis inermis","Marbled Grouper",NA,NA,1.7e-05,3
"115","DIO HOLO","Diodontidae","Diodon holocanthus","Balloonfish",NA,NA,8.76e-05,2.397867396
"116","DIO HYST","Diodontidae","Diodon hystrix","Porcupinefish",NA,NA,0.000650965,2.472
"117","DIO SPE.","Diodontidae","Diodon sp.","Puffer Species",NA,NA,0.000467708,2.5355
"118","DIP ARGE","Sparidae","Diplodus argenteus","Silver Porgy",NA,NA,1.98e-05,3.0005
"119","DIP FORM","Serranidae","Diplectrum formosum","Sand Perch",NA,NA,9.52e-06,3.0781
"120","DIP HOLB","Sparidae","Diplodus holbrookii","Spottail Pinfish",NA,NA,1.98e-05,3.0005
"121","DOR MEGA","Labridae","Doratonotus megalepis","Dwarf Wrasse",NA,NA,1.32e-05,3.0173
"122","ECH NAUC","Echeneidae","Echeneis naucrates","Sharksucker",NA,NA,5.53e-06,2.9203
"123","ECH NEUC","Echeneidae","Echeneis neucratoides","Whitefin Sharksucker",NA,NA,5.53e-06,2.9203
"124","ELA BIPI","Carangidae","Elagatis bipinnulata","Rainbow Runner",NA,NA,1.62e-05,2.92
"125","ELA EVEL","Gobiidae","Elacatinus evelynae","Sharknose Goby",NA,NA,5.84e-06,3.137
"126","ELA HORS","Gobiidae","Elacatinus horsti","Yellowline Goby",NA,NA,5.84e-06,3.137
"127","ELA MACR","Gobiidae","Elacatinus macrodon","Tiger Goby",NA,NA,5.84e-06,3.137
"128","ELA OCEA","Gobiidae","Elacatinus oceanops","Neon Goby",NA,NA,5.84e-06,3.137
"129","ELA RAND","Gobiidae","Elacatinus randalli","Yellownose Goby",NA,NA,5.84e-06,3.137
"130","ELA SAUC","Gobiidae","Elacatinus saucrum","Leopard Goby",NA,NA,5.84e-06,3.137
"131","ELA SPE.",NA,"Shark sp.","Shark Species",NA,NA,NA,NA
"132","ELA XANT","Gobiidae","Elacatinus xanthiprora","Yellowprow Goby",NA,NA,5.84e-06,3.137
"133","ELO SAUR","Elopidae","Elops saurus","Ladyfish",NA,NA,1.49e-05,2.8798
"134","EMB BAHA","Chaenopsidae","Emblemariopsis bahamensis","Blackhead Blenny",NA,NA,8.4e-06,2.962
"135","EMB PAND","Chaenopsidae","Emblemaria pandionis","Sailfin Blenny",NA,NA,8.4e-06,2.962
"136","EMM ATLA",NA,"Emmelichthyops atlanticus","Bonnetmouth",NA,NA,NA,NA
"137","ENC CARY",NA,"Enchelycore carychroa","Chestnut Moray",NA,NA,NA,NA
"138","ENC NIGR","Muraenidae","Enchelycore nigricans","Viper Moray",NA,NA,1.7e-06,3
"139","ENN ALTI",NA,"Enneanectes altivelis","Lofty Triplefin",NA,NA,NA,NA
"140","ENN BOEH","Tripterygiidae","Enneanectes boehlkei","Roughhead Triplefin",NA,NA,1e-05,3.0493
"141","EPI ADSC","Serranidae","Epinephelus adscensionis","Rock Hind",20,33.6,1.42e-05,3.0187
"142","EPI DRUM",NA,"Epinephelus drummondhayi","Speckled Hind",NA,NA,NA,NA
"143","EPI FLAV","Serranidae","Epinephelus flavolimbatus","Yellowedge Grouper",50,NA,7.92e-05,2.8
"144","EPI GUTT","Serranidae","Epinephelus guttatus","Red Hind",25,34.1343,8.57e-06,3.1124
"145","EPI ITAJ","Serranidae","Epinephelus itajara","Goliath Grouper",50,97.9252,1.15e-05,3.056
"146","EPI MORI","Serranidae","Epinephelus morio","Red Grouper",50,43.3798,1.13e-05,3.035
"147","EPI NIVE","Serranidae","Epinephelus niveatus","Snowy Grouper",NA,NA,2.88e-05,2.93
"148","EPI STRI","Serranidae","Epinephelus striatus","Nassau Grouper",50,48.269,3.84e-06,3.229
"149","EQU LANC","Sciaenidae","Equetus lanceolatus","Jackknife Fish",NA,NA,1.57e-07,3.8444
"150","EQU PUNC","Sciaenidae","Equetus punctatus","Spotted Drum",NA,NA,1.58e-07,3.844
"151","EUC ARGE","Gerreidae","Eucinostomus argenteus","Spotfin Mojarra",NA,NA,5.41e-06,3.175
"152","EUC GULA","Gerreidae","Eucinostomus gula","Silver Jenny",NA,NA,7.87e-06,3.25
"153","EUC JONE",NA,"Eucinostomus jonesii","Slender Mojarra",NA,NA,NA,NA
"154","EUC LEFR",NA,"Eucinostomus lefroyi","Mottled Mojarra",NA,NA,NA,NA
"155","EUT ALLE","Scombridae","Euthynnus alletteratus","Little Tunny",NA,NA,1.63e-05,3
"156","FIS TABA","Fistulariidae","Fistularia tabacaria","Bluespotted Cornetfish",NA,NA,1.36e-05,2.59
"157","GAL CUVI",NA,"Galeocerdo cuvieri","Tiger Shark",NA,NA,NA,NA
"158","GER CINE","Gerreidae","Gerres cinereus","Yellowfin Mojarra",NA,NA,1.5e-05,3.0519
"159","GIN CIRR","Ginglymostomatidae","Ginglymostoma cirratum","Nurse Shark",NA,NA,1.35e-05,2.891754982
"160","GNA THOM","Gobiidae","Gnatholepis thompsoni","Goldspot Goby",NA,NA,5.99e-07,3.766906753
"161","GOB DILE","Gobiidae","Gobiosoma dilepis","Orangeside Goby",NA,NA,1.45e-05,2.987
"162","GOB SPE.","Gobiidae","Gobiosoma sp.","Goby Species",NA,NA,1.45e-05,2.987
"163","GRA LORE","Grammatidae","Gramma loreto","Fairy Basslet",NA,NA,2e-05,3
"164","GYM FUNE","Muraenidae","Gymnothorax funebris","Green Moray",NA,NA,5.71e-06,2.856
"165","GYM MILI","Muraenidae","Gymnothorax miliaris","Goldentail Moray",NA,NA,2.94e-06,2.5736
"166","GYM MORI","Muraenidae","Gymnothorax moringa","Spotted Moray",NA,NA,6.96e-07,3.1577
"167","GYM NIGR","Muraenidae","Gymnothorax nigromarginatus","Blackedge Moray",NA,NA,1.18e-06,3.0426
"168","GYM SAXI","Muraenidae","Gymnothorax saxicola","Honeycomb Moray",NA,NA,1.18e-06,3.0426
"169","GYM VICI","Muraenidae","Gymnothorax vicinus","Purplemouth Moray",NA,NA,1.18e-06,3.0426
"170","HAE ALBU","Haemulidae","Haemulon album","Margate",22,42.8,1.23e-05,3.07
"171","HAE AURO","Haemulidae","Haemulon aurolineatum","Tomtate",15,13.1,6.2e-06,3.2077
"172","HAE CARB","Haemulidae","Haemulon carbonarium","Caesar Grunt",22,NA,7.35e-05,2.74
"173","HAE CHRY","Haemulidae","Haemulon chrysargyreum","Smallmouth Grunt",16,NA,1.17e-05,3.08
"174","HAE FLAV","Haemulidae","Haemulon flavolineatum","French Grunt",16,17.7,9.03e-06,3.1581
"175","HAE MACR","Haemulidae","Haemulon macrostomum","Spanish Grunt",22,NA,1.53e-05,3.06
"176","HAE MELA","Haemulidae","Haemulon melanurum","Cottonwick",16,20.7,2.11e-05,3.0295
"177","HAE PARR","Haemulidae","Haemulon parra","Sailors Choice",20,NA,2.02e-05,2.9932
"178","HAE PLUM","Haemulidae","Haemulon plumierii","White Grunt",20,18,8.35e-06,3.1612
"179","HAE SCIU","Haemulidae","Haemulon sciurus","Bluestriped Grunt",20,20.5,1.94e-05,2.9996
"180","HAE SPE.","Haemulidae","Haemulon sp.","Grunt Species",NA,NA,2.41e-05,2.951
"181","HAE STRI","Haemulidae","Haemulon striatum","Striped Grunt",18,NA,2.41e-05,2.951
"182","HAL BIVI","Labridae","Halichoeres bivittatus","Slippery Dick",NA,NA,1.54e-05,2.9391
"183","HAL CAUD","Labridae","Halichoeres caudalis","Painted Wrasse",NA,NA,1.08e-05,3.0673
"184","HAL CYAN","Labridae","Halichoeres cyanocephalus","Yellowcheek Wrasse",NA,NA,1.08e-05,3.0673
"185","HAL GARN","Labridae","Halichoeres garnoti","Yellowhead Wrasse",NA,NA,2.19e-06,3.375
"186","HAL MACU","Labridae","Halichoeres maculipinna","Clown Wrasse",NA,NA,5.68e-07,3.693
"187","HAL PICT","Labridae","Halichoeres pictus","Rainbow Wrasse",NA,NA,1.08e-05,3.0673
"188","HAL POEY","Labridae","Halichoeres poeyi","Blackear Wrasse",NA,NA,1.08e-05,3.0673
"189","HAL RADI","Labridae","Halichoeres radiatus","Puddingwife",30,NA,1.12e-05,3.0673
"190","HAR HUME","Clupeidae","Harengula humeralis","Redear Sardine",NA,NA,5.56e-06,3.28
"191","HAR JAGU","Clupeidae","Harengula jaguana","Scaled Sardine",NA,NA,5.56e-06,3.28
"192","HEM BRAS","Exocoetidae","Hemiramphus brasiliensis","Ballyhoo",NA,NA,1.18e-06,3.249
"193","HEM SIMU","Chaenopsidae","Hemiemblemaria simula","Wrasse Blenny",NA,NA,8.4e-06,2.962
"194","HET CRUE","Priacanthidae","Heteropriacanthus cruentatus","Glasseye Snapper",25,NA,1.88e-05,3
"195","HET LONG","Congridae","Heteroconger longissimus","Brown Garden Eel",NA,NA,3.39e-07,3.248
"196","HIP EREC",NA,"Hippocampus erectus","Lined Seahorse",NA,NA,NA,NA
"197","HIP REID",NA,"Hippocampus reidi","Longsnout Seahorse",NA,NA,NA,NA
"198","HOL ADSC","Holocentridae","Holocentrus adscensionis","Squirrelfish",NA,NA,1.98e-05,3
"199","HOL BERM","Pomacanthidae","Holacanthus bermudensis","Blue Angelfish",4.5,NA,4.02e-05,2.8994
"200","HOL CILI","Pomacanthidae","Holacanthus ciliaris","Queen Angelfish",4.5,NA,4.24e-05,2.9004
"201","HOL RUFU","Holocentridae","Holocentrus rufus","Longspine Squirrelfish",NA,NA,1.31e-05,3.0594
"202","HOL SPE.","Holocentridae","Squirrelfish sp.","Squirrelfish Species",NA,NA,2.26e-05,2.9942
"203","HOL TOWN","Pomacanthidae","Holocanthus sp.","Townsend Angelfish",NA,NA,4.02e-05,2.8994
"204","HOL TRIC","Pomacanthidae","Holacanthus tricolor","Rock Beauty",5,NA,5.94e-05,2.8577
"205","HYP BERM","Blenniidae","Hypleurochilus bermudensis","Barred Blenny",NA,NA,1.14e-05,3.033245596
"206","HYP CHLO","Serranidae","Hypoplectrus chlorurus","Yellowtail Hamlet",NA,NA,7.67e-06,3.111
"207","HYP GEMM","Serranidae","Hypoplectrus gemma","Blue Hamlet",NA,NA,7.67e-06,3.111
"208","HYP GUMM","Serranidae","Hypoplectrus gummigutta","Golden Hamlet",NA,NA,7.67e-06,3.111
"209","HYP GUTT","Serranidae","Hypoplectrus guttavarius","Shy Hamlet",NA,NA,7.67e-06,3.111
"210","HYP HARR","Atherinidae","Hypoatherina harringtonensis","Reef Silverside",NA,NA,1.2e-05,2.9415
"211","HYP HYBR","Serranidae","Hypoplectrus hybrid","Hybrid Hamlet",NA,NA,7.67e-06,3.111
"212","HYP INDI","Serranidae","Hypoplectrus indigo","Indigo Hamlet",NA,NA,7.67e-06,3.111
"213","HYP NIGR","Serranidae","Hypoplectrus nigricans","Black Hamlet",NA,NA,7.67e-06,3.111
"214","HYP PUEL","Serranidae","Hypoplectrus puella","Barred Hamlet",NA,NA,7.67e-06,3.111
"215","HYP SPE.","Serranidae","Hypoplectrus sp.","Hamlet Species",NA,NA,7.67e-06,3.111
"216","HYP TANN","Serranidae","Hypoplectrus tann","Tan Hamlet",NA,NA,7.67e-06,3.111
"217","HYP UNIC","Serranidae","Hypoplectrus unicolor","Butter Hamlet",NA,NA,7.67e-06,3.111
"218","INE VITT","Inermiidae","Inermia vittata","Boga",NA,NA,1.62e-05,2.92
"219","IST PLAT","Istiophoridae","Istiophorus platypterus","Sailfish",NA,NA,2.62e-05,2.7278
"220","JEN SPE.","Clupeidae","Jenkinsia sp.","Herring Species",NA,NA,2.16e-07,3.62
"221","KYP SECT","Kyphosidae","Kyphosus sectatrix","Bermuda Chub",25,NA,1.45e-05,3.08
"222","LAB BUCC","Labrisomidae","Labrisomus bucciferus","Puffcheek Blenny",NA,NA,6e-06,3.181
"223","LAB FILA","Labrisomidae","Labrisomus filamentosus","Quillfin Blenny",NA,NA,6e-06,3.181
"224","LAB GOBI","Labrisomidae","Labrisomus gobio","Palehead Blenny",NA,NA,6e-06,3.181
"225","LAB KALI","Labrisomidae","Labrisomus kalisherae","Downy Blenny",NA,NA,6e-06,3.181
"226","LAB NIGR","Labrisomidae","Labrisomus nigricinctus","Spotcheek Blenny",NA,NA,6e-06,3.181
"227","LAB NUCH","Labrisomidae","Labrisomus nuchipinnis","Hairy Blenny",NA,NA,6e-06,3.181
"228","LAB SPE.","Labrisomidae","Labrisomid sp.","Labrisomid Blenny Species",NA,NA,6e-06,3.181
"229","LAC BICA","Ostraciidae","Lactophrys bicaudalis","Spotted Trunkfish",NA,NA,0.000274275,2.63
"230","LAC MAXI","Labridae","Lachnolaimus maximus","Hogfish",30,16.6,2.09e-05,2.988
"231","LAC TRIG","Ostraciidae","Lactophrys trigonus","Trunkfish",NA,NA,0.002978731,2.1
"232","LAC TRIQ","Ostraciidae","Lactophrys triqueter","Smooth Trunkfish",NA,NA,0.001819527,2.23
"233","LAG RHOM","Sparidae","Lagodon rhomboides","Pinfish",NA,NA,2.09e-05,3.11
"234","LIO EUKR","Serranidae","Liopropoma eukrines","Wrasse Basslet",NA,NA,1.52e-05,3.0038
"235","LIO MOWB",NA,"Liopropoma mowbrayi","Cave Basslet",NA,NA,NA,NA
"236","LIO RUBE","Serranidae","Liopropoma rubre","Peppermint Basslet",NA,NA,1.52e-05,3.0038
"237","LUT ANAL","Lutjanidae","Lutjanus analis","Mutton Snapper",40,27.578,1.57e-05,3.0112
"238","LUT APOD","Lutjanidae","Lutjanus apodus","Schoolmaster",25,24.6,2.04e-05,2.9779
"239","LUT BUCC","Lutjanidae","Lutjanus buccanella","Blackfin Snapper",NA,NA,1.83e-05,2.89
"240","LUT CAMP",NA,"Lutjanus campechanus","Red Snapper",NA,NA,NA,NA
"241","LUT CYAN","Lutjanidae","Lutjanus cyanopterus","Cubera Snapper",30,NA,0.000122598,2.88
"242","LUT GRIS","Lutjanidae","Lutjanus griseus","Gray Snapper",25,23.0172,3.05e-05,2.8809
"243","LUT JOCU","Lutjanidae","Lutjanus jocu","Dog Snapper",30,22.92,1.59e-05,2.998
"244","LUT MAHO","Lutjanidae","Lutjanus mahogoni","Mahogany Snapper",30,NA,8.17e-05,2.719
"245","LUT SPE.","Lutjanidae","Snapper sp.","Snapper Species",NA,NA,1.8e-05,2.9719
"246","LUT SYNA","Lutjanidae","Lutjanus synagris","Lane Snapper",20,20.5647,4.52e-05,2.8146
"247","MAL AURO","Labrisomidae","Malacoctenus aurolineatus","Goldline Blenny",NA,NA,4.39e-05,2.6477
"248","MAL GILL","Labrisomidae","Malacoctenus gilli","Dusky Blenny",NA,NA,4.39e-05,2.6477
"249","MAL MACR","Labrisomidae","Malacoctenus macropus","Rosy Blenny",NA,NA,6.58e-05,2.72
"250","MAL PLUM","Malacanthidae","Malacanthus plumieri","Sand Tilefish",NA,NA,6.34e-05,2.629
"251","MAL TRIA","Labrisomidae","Malacoctenus triangulatus","Saddled Blenny",NA,NA,4.39e-05,2.6477
"252","MAL VERS","Labrisomidae","Malacoctenus versicolor","Barfin Blenny",NA,NA,4.39e-05,2.6477
"253","MAN BIRO","Myliobatidae","Manta birostris","Giant Manta",NA,NA,1.64e-05,3
"254","MEG ATLA","Elopidae","Megalops atlanticus","Tarpon",NA,NA,1.25e-05,2.9838
"255","MEL NIGE","Balistidae","Melichthys niger","Black Durgon",NA,NA,1.62e-06,3.554
"256","MEN SPE.",NA,"Menidia sp.","Silverside Species",NA,NA,NA,NA
"257","MIC CARR","Gobiidae","Microgobius carri","Seminole Goby",NA,NA,7.9e-06,3
"258","MIC CHRY","Pomacentridae","Microspathodon chrysurus","Yellowtail Damselfish",NA,NA,1.98e-05,3.0825
"259","MIC MICR","Gobiidae","Microgobius microlepis","Banner Goby",NA,NA,7.9e-06,3
"260","MON CILI","Monacanthidae","Monacanthus ciliatus","Fringed Filefish",NA,NA,5.11e-05,2.7
"261","MON TUCK","Monacanthidae","Monacanthus tuckeri","Slender Filefish",NA,NA,8.3e-05,2.685
"262","MUL MART","Mullidae","Mulloidichthys martinicus","Yellow Goatfish",NA,NA,4.57e-07,3.6627
"263","MUR RETI","Muraenidae","Muraena retifera","Reticulate Moray",NA,NA,1.56e-06,2.982
"264","MYC ACUT","Serranidae","Mycteroperca acutirostris","Western Comb Grouper",NA,NA,1.52e-05,3.0038
"265","MYC BONA","Serranidae","Mycteroperca bonaci","Black Grouper",60,82.6,4.3e-06,3.205
"266","MYC INTE","Serranidae","Mycteroperca interstitialis","Yellowmouth Grouper",50,47,2.16e-05,2.94
"267","MYC MICR","Serranidae","Mycteroperca microlepis","Gag",60,68.4,1.21e-05,3.0305
"268","MYC PHEN","Serranidae","Mycteroperca phenax","Scamp",50,48.9,2.16e-05,2.94
"269","MYC TIGR","Serranidae","Mycteroperca tigris","Tiger Grouper",50,45.9946,7.13e-06,3.12
"270","MYC VENE","Serranidae","Mycteroperca venenosa","Yellowfin Grouper",50,52.9475,5e-06,3.14
"271","MYR BREV","Ophichthidae","Myrichthys breviceps","Sharptail Eel",NA,NA,9.89e-07,3.005
"272","MYR JACO","Holocentridae","Myripristis jacobus","Blackbar Soldierfish",NA,NA,0.000211506,2.72
"273","MYR OCEL","Ophichthidae","Myrichthys ocellatus","Goldspotted Eel",NA,NA,9.89e-07,3.005
"274","NAR BANC",NA,"Narcine bancroftii","Lesser Electric Ray",NA,NA,NA,NA
"275","NEG BREV",NA,"Negaprion brevirostris","Lemon Shark",NA,NA,NA,NA
"276","NEO MARI","Holocentridae","Neoniphon marianus","Longjaw Squirrelfish",NA,NA,1.98e-05,2.9705
"277","NES LONG","Gobiidae","Nes longus","Orangespotted Goby",NA,NA,9.16e-06,3.0205
"278","NIC USTA","Scaridae","Nicholsina usta","Emerald Parrotfish",NA,NA,1.61e-05,3.0448
"279","NON FISH",NA,"None observed","No Observed Fishes",NA,NA,NA,NA
"280","OCY CHRY","Lutjanidae","Ocyurus chrysurus","Yellowtail Snapper",26,19.8768,7.75e-05,2.718
"281","ODO DENT","Sciaenidae","Odontoscion dentex","Reef Croaker",NA,NA,1.03e-05,3.0073
"282","OGC NASU",NA,"Ogcocephalus nasustus","Shortnose Batfish",NA,NA,NA,NA
"283","OGC SPE.","Ogcocephalidae","Ogcocephalus sp.","Batfish Species",NA,NA,1.33e-05,3.0626
"284","OLI SAUR","Carangidae","Oligoplites saurus","Leatherjack",NA,NA,1.62e-05,2.92
"285","OPH MACC","Blenniidae","Ophioblennius macclurei","Redlip Blenny",NA,NA,0.000135377,2.379
"286","OPI AURI","Opistognathidae","Opistognathus aurifrons","Yellowhead Jawfish",NA,NA,1.2e-05,2.995
"287","OPI MACR","Opistognathidae","Opistognathus macrognathus","Banded Jawfish",NA,NA,1.2e-05,2.995
"288","OPI SPE.",NA,"Opistognathus sp.","Jawfish Species",NA,NA,NA,NA
"289","OPI WHIT","Opistognathidae","Opistognathus whitehursti","Dusky Jawfish",NA,NA,1.2e-05,2.995
"290","OPS TAU_",NA,"Opsanus tau","Oyster Toadfish",NA,NA,NA,NA
"291","ORT CHRY","Haemulidae","Orthopristis chrysoptera","Pigfish",NA,NA,6.14e-06,3.1893
"292","OXY STIG","Gobiidae","Oxyurichthys stigmalophius","Spotfin Goby",NA,NA,1.33e-05,2.9554
"293","PAG PAGR","Sparidae","Pagrus pagrus","Red Porgy",NA,NA,2.02e-05,3.0027
"294","PAR ACUM","Sciaenidae","Pareques acuminatus","High Hat",NA,NA,5.46e-05,3.202
"295","PAR ALBI","Paralichthyidae","Paralichthys albigutta","Gulf Flounder",NA,NA,5.94e-06,3.1237
"296","PAR BAIR","Callionymidae","Paradiplogrammus bairdi","Lancer Dragonet",NA,NA,2.12e-05,2.7535
"297","PAR FURC","Serranidae","Paranthias furcifer","Atlantic Creolefish",NA,NA,1.22e-05,3.043
"298","PAR MARM","Blenniidae","Parablennius marmoreus","Seaweed Blenny",NA,NA,1.03e-05,3.0249
"299","PAR MARN","Blenniidae","Paraclinus marmoratus","Marbled Blenny",NA,NA,1.03e-05,3.0249
"300","PAR NIGR","Blenniidae","Paraclinus nigripinnis","Blackfin Blenny",NA,NA,1.03e-05,3.0249
"301","PAR UMBR","Sciaenidae","Pareques umbrosus","Cubbyu",NA,NA,5.46e-05,3.202
"302","PEM SCHO","Pempheridae","Pempheris schomburgkii","Glassy Sweeper",NA,NA,0.000105309,2.62
"303","PHA XENU","Apogonidae","Phaeoptyx xenus","Sponge Cardinalfish",NA,NA,5.23e-06,3.255
"304","POM ARCU","Pomacanthidae","Pomacanthus arcuatus","Gray Angelfish",4,NA,3.71e-05,2.968
"305","POM PARU","Pomacanthidae","Pomacanthus paru","French Angelfish",4,NA,1.52e-05,3.1264
"306","PRI AQUI","Lutjanidae","Pristipomoides aquilonaris","Wenchman",NA,NA,6.71e-05,2.84
"307","PRI AREN","Priacanthidae","Priacanthus arenatus","Bigeye",25,NA,1.19e-05,3.0387
"308","PRI HIPO","Gobiidae","Priolepis hipoliti","Rusty Goby",NA,NA,2.03e-05,2.9226
"309","PRI OPHR",NA,"Prionotus ophryas","Bandtail Searobin",NA,NA,NA,NA
"310","PRI PECT","Pristidae","Pristis pectinata","Smalltooth Sawfish",NA,NA,1.55e-06,3.04
"311","PRI RUBI",NA,"Prionotus rubio","Blackwing Searobin",NA,NA,NA,NA
"312","PRO ACUL","Chaetodontidae","Prognathodes aculeatus","Longsnout Butterflyfish",NA,NA,2.56e-05,3.0006
"313","PSE MACU","Mullidae","Pseudupeneus maculatus","Spotted Goatfish",NA,NA,1.5e-05,3.0257
"314","PTE CALL","Ptereleotridae","Ptereleotris calliura","Blue Dartfish",NA,NA,9.1e-06,3
"315","PTE HELE","Ptereleotridae","Ptereleotris helenae","Hovering Dartfish",NA,NA,9.1e-06,3
"316","PTE VOLI","Scorpaenidae","Pterois volitans","Red Lionfish",NA,NA,2.89e-05,2.89
"317","RAC CANA",NA,"Rachycentron canadum","Cobia",NA,NA,NA,NA
"318","REM REMO","Echeneidae","Remora remora","Remora",NA,NA,5.53e-06,2.9203
"319","RHI BONA",NA,"Rhinoptera bonasus","Cownose Ray",NA,NA,NA,NA
"320","RHI LENT","Rhinobatidae","Rhinobatos lentiginosus","Atlantic Guitarfish",NA,NA,3.72e-06,2.9737
"321","RHO AURO","Lutjanidae","Rhomboplites aurorubens","Vermilion Snapper",NA,NA,2.4e-05,2.951
"322","RYP BIST",NA,"Rypticus bistispinus","Freckled Soapfish",NA,NA,NA,NA
"323","RYP MACU",NA,"Rypticus maculatus","Whitespotted Soapfish",NA,NA,NA,NA
"324","RYP SAPO","Serranidae","Rypticus saponaceus","Greater Soapfish",NA,NA,1.52e-05,3.0038
"325","SAR AURI","Clupeidae","Sardinella aurita","Spanish Sardine",NA,NA,4.13e-06,3.1
"326","SAR BULL",NA,"Sargocentron bullisi","Deepwater Squirrelfish",NA,NA,NA,NA
"327","SAR CORU","Holocentridae","Sargocentron coruscum","Reef Squirrelfish",NA,NA,2.57e-05,2.9554
"328","SAR VEXI","Holocentridae","Sargocentron vexillarium","Dusky Squirrelfish",NA,NA,2.57e-05,2.9554
"329","SCA COEL","Scaridae","Scarus coelestinus","Midnight Parrotfish",NA,NA,1.92e-05,3.02
"330","SCA COER","Scaridae","Scarus coeruleus","Blue Parrotfish",NA,NA,9.61e-06,3.1109
"331","SCA CRIS","Blenniidae","Scartella cristata","Molly Miller",NA,NA,1.08e-05,2.4144
"332","SCA GUAC","Scaridae","Scarus guacamaia","Rainbow Parrotfish",NA,NA,1.34e-05,3.0626
"333","SCA ISER","Scaridae","Scarus iseri","Striped Parrotfish",NA,NA,1.59e-05,3.02
"334","SCA SPE.","Scaridae","Scarus sp.","Parrotfish Species",NA,NA,1.67e-05,3.0455
"335","SCA TAEN","Scaridae","Scarus taeniopterus","Princess Parrotfish",NA,NA,1.77e-05,3
"336","SCA VETU","Scaridae","Scarus vetula","Queen Parrotfish",NA,NA,1.67e-05,3.0455
"337","SCH BETA","Serranidae","Schultzea beta","School Bass",NA,NA,1.52e-05,3.0038
"338","SCI SPE.",NA,"Scianid sp.","Drum Species",NA,NA,NA,NA
"339","SCO CARI","Scorpaenidae","Scorpaenodes caribbaeus","Reef Scorpionfish",NA,NA,2.73e-05,2.9581
"340","SCO CAVA","Scombridae","Scomberomorus cavalla","King Mackerel",NA,NA,8.42e-06,2.999
"341","SCO MACU","Scombridae","Scomberomorus maculatus","Spanish Mackerel",NA,NA,5.97e-06,3.002
"342","SCO PLUM","Scorpaenidae","Scorpaena plumieri","Spotted Scorpionfish",NA,NA,2.75e-05,2.9486
"343","SCO REGA","Scombridae","Scomberomorus regalis","Cero",41,NA,3.2e-05,2.8
"344","SEL VOME","Carangidae","Selene vomer","Lookdown",NA,NA,1.64e-05,3.075752861
"345","SER ANNU","Serranidae","Serranus annularis","Orangeback Bass",NA,NA,2.72e-05,2.8528
"346","SER BALD","Serranidae","Serranus baldwini","Lantern Bass",NA,NA,1.18e-05,3.0358
"347","SER DUME","Carangidae","Seriola dumerili","Greater Amberjack",NA,NA,5.03e-05,2.809148045
"348","SER PHOE","Serranidae","Serranus phoebe","Tattler",NA,NA,2.72e-05,2.8528
"349","SER RIVO","Carangidae","Seriola rivoliana","Almaco Jack",NA,NA,4.33e-06,3.17
"350","SER SPE.","Carangidae","Seriola sp.","Jack Species",NA,NA,3.41e-05,2.879
"351","SER SUBL","Serranidae","Serranus subligarius","Belted Sandfish",NA,NA,2.72e-05,2.8528
"352","SER TABA","Serranidae","Serranus tabacarius","Tobaccofish",NA,NA,2.72e-05,2.8528
"353","SER TIGR","Serranidae","Serranus tigrinus","Harlequin Bass",NA,NA,1.3e-05,3.0475
"354","SER TORT","Serranidae","Serranus tortugarum","Chalk Bass",NA,NA,2.72e-05,2.8528
"355","SER ZONA",NA,"Seriola zonata","Banded Rudderfish",NA,NA,NA,NA
"356","SPA ATOM","Scaridae","Sparisoma atomarium","Greenblotch Parrotfish",NA,NA,1.53e-05,3.0252
"357","SPA AURO","Scaridae","Sparisoma aurofrenatum","Redband Parrotfish",NA,NA,1.75e-06,3.429
"358","SPA CHRY","Scaridae","Sparisoma chrysopterum","Redtail Parrotfish",NA,NA,6.68e-06,3.1708
"359","SPA RADI","Scaridae","Sparisoma radians","Bucktooth Parrotfish",NA,NA,1.53e-05,3.0252
"360","SPA RUBR","Scaridae","Sparisoma rubripinne","Yellowtail Parrotfish",NA,NA,1.94e-05,3
"361","SPA SPE.","Scaridae","Sparisoma sp.","Parrotfish Species",NA,NA,1.53e-05,3.0252
"362","SPA VIRI","Scaridae","Sparisoma viride","Stoplight Parrotfish",NA,NA,3e-05,2.9214
"363","SPH BARR","Sphyraenidae","Sphyraena barracuda","Great Barracuda",35,NA,7.47e-06,2.972
"364","SPH GUAC","Sphyraenidae","Sphyraena guachancho","Guaguanche",NA,NA,1.74e-05,2.88
"365","SPH LEWI","Sphyrnidae","Sphyrna lewini","Scalloped Hammerhead",NA,NA,2.08e-06,3.129
"366","SPH MOKA","Sphyrnidae","Sphyrna mokarran","Great Hammerhead",NA,NA,1.31e-06,3.16
"367","SPH NEPH",NA,"Sphoeroides nephelus","Southern Puffer",NA,NA,NA,NA
"368","SPH PICU","Sphyraenidae","Sphyraena picudilla","Southern Sennet",NA,NA,7.66e-06,2.9417
"369","SPH SPEN","Tetraodontidae","Sphoeroides spengleri","Bandtail Puffer",NA,NA,5.79e-06,3.267
"370","SPH TEST","Tetraodontidae","Sphoeroides testudineus","Checkered Puffer",NA,NA,2.25e-05,3.008
"371","SPH TIBU","Sphyrnidae","Sphyrna tiburo","Bonnethead",NA,NA,2.97e-07,3.372
"372","SRR SPE.","","Serranid sp.","Grouper Sea Bass Species",NA,NA,NA,NA
"373","STE ADUS","Pomacentridae","Stegastes adustus","Dusky Damselfish",NA,NA,4.49e-05,2.8956
"374","STE DIEN","Pomacentridae","Stegastes diencaeus","Longfin Damselfish",NA,NA,3.95e-05,2.9236
"375","STE HISP","Monacanthidae","Stephanolepis hispidus","Planehead Filefish",NA,NA,0.000120254,2.618
"376","STE LEUC","Pomacentridae","Stegastes leucostictus","Beaugregory",NA,NA,3.93e-05,2.8868
"377","STE PART","Pomacentridae","Stegastes partitus","Bicolor Damselfish",NA,NA,1.28e-05,3.1519
"378","STE PLAN","Pomacentridae","Stegastes planifrons","Threespot Damselfish",NA,NA,5.27e-05,2.8569
"379","STE SPE.",NA,"Stegastes sp.","Damselfish Species",NA,NA,NA,NA
"380","STE VARI","Pomacentridae","Stegastes variabilis","Cocoa Damselfish",NA,NA,4.72e-05,2.8365
"381","STR NOTA","Belonidae","Strongylura notata","Redfin Needlefish",NA,NA,2.64e-06,2.9394
"382","STR TIMU","Belonidae","Strongylura timucu","Timucu",NA,NA,2.64e-06,2.9394
"383","STY LATE",NA,"Stygnobrotula latebricola","Black Brotula",NA,NA,NA,NA
"384","SYA MICR","Paralichthyidae","Syacium micrurum","Channel Flounder",NA,NA,2.49e-06,3.285
"385","SYG SPE.",NA,"Syngnathus sp.","Pipefish Species",NA,NA,NA,NA
"386","SYN FOET","Synodontidae","Synodus foetens","Inshore Lizardfish",NA,NA,9.03e-06,2.9787
"387","SYN INTE","Synodontidae","Synodus intermedius","Sand Diver",NA,NA,9.93e-06,2.9988
"388","SYN SCOV",NA,"Syngnathus scovelli","Gulf Pipefish",NA,NA,NA,NA
"389","SYN SYNO",NA,"Synodus synodus","Red Lizardfish",NA,NA,NA,NA
"390","THA BIFA","Labridae","Thalassoma bifasciatum","Bluehead",NA,NA,1.3e-05,2.9162
"391","TRA FALC","Carangidae","Trachinotus falcatus","Permit",NA,NA,8.36e-05,2.803
"392","TRA GOOD",NA,"Trachinotus goodei","Palometa",NA,NA,NA,NA
"393","TRA LATH",NA,"Trachurus lathami","Rough Scad",NA,NA,NA,NA
"394","TYL CROC","Belonidae","Tylosurus crocodilus","Houndfish",NA,NA,4.99e-07,3.205
"395","UMB CORO",NA,"Umbrina coroides","Sand Drum",NA,NA,NA,NA
"396","UNK SPE.","","Unknown sp.","Unknown Species",NA,NA,NA,NA
"397","UPE PARV",NA,"Upeneus parvus","Dwarf Goatfish",NA,NA,NA,NA
"398","URO JAMA","Urolophidae","Urobatis jamaicensis","Yellow Stingray",NA,NA,5.95e-06,3.0826
"399","XYR MART","Labridae","Xyrichtys martinicensis","Rosy Razorfish",NA,NA,0.000118023,2.4927
"400","XYR NOVA","Labridae","Xyrichtys novacula","Pearly Razorfish",NA,NA,0.000118023,2.4927
"401","XYR SPE.","Labridae","Razorfish sp.","Razorfish Species",NA,NA,0.000118023,2.4927
"402","XYR SPLE","Labridae","Xyrichtys splendens","Green Razorfish",NA,NA,0.000118023,2.4927
