<?xml version="1.0" encoding="UTF-8"?>
<metadata xml:lang="en"><Esri><CreaDate>20171218</CreaDate><CreaTime>11071800</CreaTime><ArcGISFormat>1.0</ArcGISFormat><SyncOnce>TRUE</SyncOnce><DataProperties><lineage><Process ToolSource="c:\program files (x86)\arcgis\desktop10.1\ArcToolbox\Toolboxes\Data Management Tools.tbx\CalculateField" Date="20140525" Time="134742">CalculateField FLGrid_100m_work7 zone_nr 0 VB #</Process><Process ToolSource="c:\program files (x86)\arcgis\desktop10.1\ArcToolbox\Toolboxes\Data Management Tools.tbx\CalculateField" Date="20140525" Time="134915">CalculateField FLGrid_100m_work7 zone_nr 0 VB #</Process><Process ToolSource="c:\program files (x86)\arcgis\desktop10.1\ArcToolbox\Toolboxes\Data Management Tools.tbx\CalculateField" Date="20140525" Time="135051">CalculateField FLGrid_100m_work7 zone_nr 0 VB #</Process><Process ToolSource="c:\program files (x86)\arcgis\desktop10.1\ArcToolbox\Toolboxes\Data Management Tools.tbx\CalculateField" Date="20140525" Time="135526">CalculateField FLGrid_100m_work7 zone_nr 0 VB #</Process><Process ToolSource="c:\program files (x86)\arcgis\desktop10.1\ArcToolbox\Toolboxes\Data Management Tools.tbx\CalculateField" Date="20140525" Time="135912">CalculateField FLGrid_100m_work7 zone_nr 0 VB #</Process><Process ToolSource="c:\program files (x86)\arcgis\desktop10.1\ArcToolbox\Toolboxes\Data Management Tools.tbx\CalculateField" Date="20140601" Time="193452">CalculateField FLGrid_100m_work7 depcat 1 VB #</Process><Process ToolSource="c:\program files (x86)\arcgis\desktop10.1\ArcToolbox\Toolboxes\Data Management Tools.tbx\CalculateField" Date="20140601" Time="193750">CalculateField FLGrid_100m_work7 depcat 2 VB #</Process><Process ToolSource="c:\program files (x86)\arcgis\desktop10.1\ArcToolbox\Toolboxes\Data Management Tools.tbx\CalculateField" Date="20140601" Time="193949">CalculateField FLGrid_100m_work7 depcat 3 VB #</Process><Process ToolSource="c:\program files (x86)\arcgis\desktop10.1\ArcToolbox\Toolboxes\Data Management Tools.tbx\CalculateField" Date="20140601" Time="194206">CalculateField FLGrid_100m_work7 depcat 4 VB #</Process><Process ToolSource="c:\program files (x86)\arcgis\desktop10.1\ArcToolbox\Toolboxes\Data Management Tools.tbx\CalculateField" Date="20170317" Time="075702">CalculateField "FLGrid_100m_work8 selection" STRAT getStrat( !habclass!, !zone_nr!, !depcat!, !mpa_nr! ) PYTHON_9.3 "def getStrat(hab,zone,depcat,mpa):\n    if (hab == "SPGR_HR"):\n        return "HRRF"\n    elif (zone == 1):\n        return "INPR"\n    elif (zone ==2):\n        return "MCPR"\n    elif (zone == 3):\n        return "OFPR"\n    elif (zone &gt; 3 and depcat == 1):\n        return "FSLR"\n    elif (zone &gt; 3 and depcat == 2):\n        return "FMLR"\n    elif (zone &gt; 3 and depcat  == 3 and mpa &gt; 0 and mpa &lt; 24 ):\n        return "FMLR"\n    else:\n        return "FDLR"\n        \n"</Process><Process ToolSource="c:\program files (x86)\arcgis\desktop10.1\ArcToolbox\Toolboxes\Data Management Tools.tbx\CalculateField" Date="20170406" Time="155640">CalculateField DRTO_Grid_select STRAT [habclass] VB #</Process><Process ToolSource="c:\program files (x86)\arcgis\desktop10.1\ArcToolbox\Toolboxes\Data Management Tools.tbx\CalculateField" Date="20170406" Time="155919">CalculateField DRTO_Grid_select STRAT ISOL_LR VB #</Process><Process ToolSource="c:\program files (x86)\arcgis\desktop10.1\ArcToolbox\Toolboxes\Data Management Tools.tbx\CalculateField" Date="20170406" Time="155941">CalculateField DRTO_Grid_select STRAT "ISOL_LR" VB #</Process><Process ToolSource="c:\program files (x86)\arcgis\desktop10.1\ArcToolbox\Toolboxes\Data Management Tools.tbx\CalculateField" Date="20170412" Time="084951">CalculateField TNER_Grid_Domain STRAT [habclass] VB #</Process><Process ToolSource="c:\program files (x86)\arcgis\desktop10.1\ArcToolbox\Toolboxes\Data Management Tools.tbx\CalculateField" Date="20170412" Time="085049">CalculateField TNER_Grid_Domain STRAT CONT_HR VB #</Process><Process ToolSource="c:\program files (x86)\arcgis\desktop10.1\ArcToolbox\Toolboxes\Data Management Tools.tbx\CalculateField" Date="20170412" Time="085119">CalculateField TNER_Grid_Domain STRAT "CONT_HR" VB #</Process><Process ToolSource="c:\program files (x86)\arcgis\desktop10.1\ArcToolbox\Toolboxes\Data Management Tools.tbx\CalculateField" Date="20170412" Time="085216">CalculateField TNER_Grid_Domain STRAT "ISOL_MR" VB #</Process><Process ToolSource="c:\program files (x86)\arcgis\desktop10.1\ArcToolbox\Toolboxes\Data Management Tools.tbx\CalculateField" Date="20170412" Time="093019">CalculateField Unprotected_Grid_Domain STRAT [habclass] VB #</Process><Process ToolSource="c:\program files (x86)\arcgis\desktop10.1\ArcToolbox\Toolboxes\Data Management Tools.tbx\CalculateField" Date="20170502" Time="091110">CalculateField "FLGrid_100m_work8 selection selection selection" STRAT getStrat( !habclass!, !zone_nr!, !depcat!, !mpa_nr! ) PYTHON_9.3 "def getStrat(hab,zone,depcat,mpa):\n    if (hab == "SPGR_HR"):\n        return "HRRF"\n    elif (zone == 1):\n        return "INPR"\n    elif (zone ==2):\n        return "MCPR"\n    elif (zone == 3):\n        return "OFPR"\n    elif (zone &gt; 3 and depcat == 1):\n        return "FSLR"\n    elif (zone &gt; 3 and depcat == 2):\n        return "FMLR"\n    elif (zone &gt; 3 and depcat  == 3 and mpa &gt; 0 and mpa &lt; 24 ):\n        return "FMLR"\n    else:\n        return "FDLR"\n        \n"</Process><Process ToolSource="c:\program files (x86)\arcgis\desktop10.1\ArcToolbox\Toolboxes\Data Management Tools.tbx\CalculateField" Date="20170502" Time="091137">CalculateField "FLGrid_100m_work8 selection selection selection" STRAT getStrat( !habclass!, !zone_nr!, !depcat!, !mpa_nr! ) PYTHON_9.3 "def getStrat(hab,zone,depcat,mpa):\n    if (hab == "SPGR_HR"):\n        return "HRRF"\n    elif (zone == 1):\n        return "INPR"\n    elif (zone ==2):\n        return "MCPR"\n    elif (zone == 3):\n        return "OFPR"\n    elif (zone &gt; 3 and depcat == 1):\n        return "FSLR"\n    elif (zone &gt; 3 and depcat == 2):\n        return "FMLR"\n    elif (zone &gt; 3 and depcat  == 3 and mpa &gt; 0 and mpa &lt; 24 ):\n        return "FMLR"\n    else:\n        return "FDLR"\n        \n"</Process><Process ToolSource="c:\program files (x86)\arcgis\desktop10.1\ArcToolbox\Toolboxes\Data Management Tools.tbx\CalculateField" Date="20170502" Time="092324">CalculateField "FLGrid_100m_work8 selection selection selection" PROT 1 PYTHON_9.3 #</Process><Process ToolSource="c:\program files (x86)\arcgis\desktop10.1\ArcToolbox\Toolboxes\Data Management Tools.tbx\CalculateField" Date="20170512" Time="101544">CalculateField Unprotected_Grid_Domain PROT 0 VB #</Process><Process ToolSource="c:\program files (x86)\arcgis\desktop10.1\ArcToolbox\Toolboxes\Data Management Tools.tbx\CalculateField" Date="20170512" Time="102058">CalculateField TNER_Grid_Domain PROT 1 VB #</Process><Process ToolSource="c:\program files (x86)\arcgis\desktop10.1\ArcToolbox\Toolboxes\Data Management Tools.tbx\CalculateField" Date="20170512" Time="102142">CalculateField DRTO_Grid_Domain PROT 2 VB #</Process><Process ToolSource="c:\program files (x86)\arcgis\desktop10.1\ArcToolbox\Toolboxes\Data Management Tools.tbx\CalculateField" Date="20170517" Time="090744">CalculateField FlaKeys_Grid PROT 1 VB #</Process><Process ToolSource="c:\program files (x86)\arcgis\desktop10.1\ArcToolbox\Toolboxes\Data Management Tools.tbx\CalculateField" Date="20170517" Time="091115">CalculateField FlaKeys_Grid PROT [mpa_nr] VB #</Process><Process ToolSource="c:\program files (x86)\arcgis\desktop10.1\ArcToolbox\Toolboxes\Data Management Tools.tbx\CalculateField" Date="20170517" Time="091244">CalculateField FlaKeys_Grid PROT 1 VB #</Process><Process ToolSource="c:\program files (x86)\arcgis\desktop10.1\ArcToolbox\Toolboxes\Data Management Tools.tbx\CalculateField" Date="20170517" Time="091434">CalculateField FlaKeys_Grid STRAT getStrat( !habclass!, !zone_nr!, !depcat!, !mpa_nr! ) PYTHON_9.3 "def getStrat(hab,zone,depcat,mpa):\n    if (hab == "SPGR_HR"):\n        return "HRRF"\n    elif (zone == 1):\n        return "INPR"\n    elif (zone ==2):\n        return "MCPR"\n    elif (zone == 3):\n        return "OFPR"\n    elif (zone &gt; 3 and depcat == 1):\n        return "FSLR"\n    elif (zone &gt; 3 and depcat == 2):\n        return "FMLR"\n    elif (zone &gt; 3 and depcat  == 3 and mpa &gt; 0 and mpa &lt; 24 ):\n        return "FMLR"\n    else:\n        return "FDLR"\n        \n"</Process><Process ToolSource="c:\program files (x86)\arcgis\desktop10.1\ArcToolbox\Toolboxes\Data Management Tools.tbx\CalculateField" Date="20170517" Time="091843">CalculateField FlaKeys_Grid PROT 0 PYTHON_9.3 #</Process></lineage><itemProps><itemLocation><linkage Sync="TRUE">file://\\SECML4222926JBL\C$\Users\jeremiah.blondeau\Documents\RVC\NCRMP_Florida\NCRMP Florida 2016 Fish\GIS Grid\FlaKeys_Grid</linkage><protocol Sync="TRUE">Local Area Network</protocol></itemLocation></itemProps><copyHistory><copy source="E:\GIS\Projects\RVC\MasterSampGrid\WorkingGrids\FlaKeys_Grid" dest="\\SECML4222926JBL\C$\Users\jeremiah.blondeau\Documents\RVC\NCRMP_Florida\NCRMP Florida 2016 Fish\GIS Grid\FlaKeys_Grid" date="20171218" time="11071800"></copy></copyHistory></DataProperties></Esri></metadata>
